;Materialnummer;Kategorie;Unterkategorie;Boxnumenummer;Name;Anzahl;Annmerkung
;1;Farbmittel;Farbstoffe;FM-PI-001;Gummi Gutti Pulver 37050;1;Kleines Fläschen
;2;Farbmittel;Farbstoffe;FM-PI-001;Sandelholz 36180;1;Kleines Fläschen
;3;Farbmittel;Farbstoffe;FM-PI-001;Curcuma 37220;1;Kleines Fläschen
;4;Farbmittel;Farbstoffe;FM-PI-001;Henna schwarzfärbend 37510;1;Kleines Fläschen
;5;Farbmittel;Farbstoffe;FM-PI-001;Krappwurzeln ganz 37199;1;Kleines Fläschen
;6;Farbmittel;Farbstoffe;FM-PI-001;Indigotin blau 94160;1;Kleines Fläschen
;7;Farbmittel;Farbstoffe;FM-PI-001;Rhodamin B 94900;1;Kleines Fläschen
;8;Farbmittel;Pigmente;FM-PI-001;Ägyptisch grün 10064;1;Kleines Fläschen
;9;Farbmittel;Pigmente;FM-PI-001;Bleinzinngelb II 10120;1;Kleines Fläschen
;10;Farbmittel;Pigmente;FM-PI-001;Blue Bice 10184;1;Kleines Fläschen
;11;Farbmittel;Pigmente;FM-PI-001;Andalusischer roter Ocker 11274;1;Kleines Fläschen
;12;Farbmittel;Pigmente;FM-PI-001;Roter Jaspis 11300;1;Kleines Fläschen
;13;Farbmittel;Pigmente;FM-PI-001;Shungit 12040;1;Kleines Fläschen
;14;Farbmittel;Pigmente;FM-PI-001;Heliogen grün dunkel 23000;1;Kleines Fläschen
;15;Farbmittel;Pigmente;FM-PI-001;Heliogen blau 23050;1;Kleines Fläschen
;16;Farbmittel;Pigmente;FM-PI-001;Pyramidengelb mittel 23370;1;Kleines Fläschen
;17;Farbmittel;Pigmente;FM-PI-001;Novacron Orange F- BR 345130;1;Kleines Fläschen
;18;Farbmittel;Pigmente;FM-PI-001;Kobalt- Grünblauoxid 44110;1;Kleines Fläschen
;117;Farbmittel;Pigmente;FM-PI-002;Scholz Pigmente;1;117-1 Bayferrox Rot 110
;118;Farbmittel;Pigmente;FM-PI-002;Scholz Pigmente;1;118-1 Bayferrox Gelb 920
;119;Farbmittel;Pigmente;FM-PI-002;Scholz Pigmente;1;119-1 Bayferrox Schwarz 360
;120;Farbmittel;Pigmente;FM-PI-002;Scholz Pigmente;1;120-1 Bayferrox Braun 610
;121;Farbmittel;Pigmente;FM-PI-002;Scholz Pigmente;1;121-1 Chromoxidgrün G2023 BB
;122;Farbmittel;Pigmente;FM-PI-002;Scholz Pigmente;1;122-1 Titandioxid G 2515 BB
;20;Farbmittel;X;FM-PI-001;Indigogrün 0- 63 µ 36267;1;Kleines Fläschen
;21;Farbmittel;X;FM-PI-001;Novacron Brillant- Blau FN- G 345160;1;Kleines Fläschen
;22;Farbmittel;X;FM-PI-001;Birkenblätter 38500;1;Kleines Fläschen
;23;Farbmittel;X;FM-PI-001;Thermochrom Pigment Purple 56843 ;1;Kleines Fläschen
;24;Farbmittel;X;FM-PI-001;Nigrosin 94050;1;Kleines Fläschen
;358;Farbmittel;X;FM-PI-001;Aegirin fein;1;358-1 Fläschchen
;359;Farbmittel;X;FM-PI-001;Uranin ;1;359-1 Fläschchen
;396;Fertigungsbeispiele;Faserverbundwerkstoffe;FB-X-007;Faserverbundwerkstoffe;7;396-1 Carbon-/Aramidfasern und Epoxisharz gewickelt
;396;Fertigungsbeispiele;Faserverbundwerkstoffe;FB-X-007;Faserverbundwerkstoffe;;396-2 Carbonfasern und Epoxidharz
;396;Fertigungsbeispiele;Faserverbundwerkstoffe;FB-X-007;Faserverbundwerkstoffe;;396-3 System mit endlos gerichteten Fasern
;396;Fertigungsbeispiele;Faserverbundwerkstoffe;FB-X-007;Faserverbundwerkstoffe;;396-4 Doppel-W-Profil Twintex 35-Vol-%
;396;Fertigungsbeispiele;Faserverbundwerkstoffe;FB-X-007;Faserverbundwerkstoffe;;396-5 WPC-Holz-Kunststoff-Verbundwerkstoff
;396;Fertigungsbeispiele;Faserverbundwerkstoffe;FB-X-007;Faserverbundwerkstoffe;;396-6 Carbonfiber-Polycarbonat
;396;Fertigungsbeispiele;Faserverbundwerkstoffe;FB-X-007;Faserverbundwerkstoffe;;396-7  Kohlenstofffasergewebe mit Kunstharz
;370;Fertigungsbeispiele;Kunstoff;FB-X-005;Fertigungsmuster Gleitlager;2;370-1 Tüte mit Gleitlager- Einzelteilen
;370;Fertigungsbeispiele;Kunstoff;FB-X-005;Fertigungsmuster Gleitlager;;370-2 Gleitlager
;394;Fertigungsbeispiele;Kunstoff ;FB-X-001;Verschiedene Dichtungsbänder ;1;394-1 Pro Clima Factum Box
;393;Fertigungsbeispiele;Kunstoff/Metall ;FB-X-005;Silikonspritze Kanüle ;1;393-1 Kanüle Zimehl
;395;Fertigungsbeispiele;Kunstoff/Stein;FB-X-006;Stone Veneer;4;395-1 Decor Slim Stone Copper Gold
;395;Fertigungsbeispiele;Kunstoff/Stein;FB-X-006;Stone Veneer;;395-2 Decor Slim Stone FLorida Green
;395;Fertigungsbeispiele;Kunstoff/Stein;FB-X-006;Stone Veneer;;395-3 Decor Slim Stone  Damascus Green
;395;Fertigungsbeispiele;Kunstoff/Stein;FB-X-006;Stone Veneer;;395 -4 Richter Mustermappe Stone Veneer
;369;Fertigunsbeispiele;Kunstoff;FB-X-004;Fertigungsmuster;3;369-1 Zange
;369;Fertigunsbeispiele;Kunstoff;FB-X-005;Fertigungsmuster;;369-2 Maske
;369;Fertigunsbeispiele;Kunstoff;FB-X-006;Fertigungsmuster;;369-3 Handyhülle
;365;Fertigunsbeispiele;Metall;FB-X-002;Fertigungsmuster;2;365-1/2 Fertigungsmuster
;366;Fertigunsbeispiele;Metall;FB-X-003;Fertigungsmuster;7;366-1/7 Fertigungsmuster Richter Systeme
;367;Fertigunsbeispiele;Metall;FB-X-002;Fertigungsmuster;1;367-1 Fertigungsmuster Rahmen
;368;Fertigunsbeispiele;Metall;FB-X-002;Fertigungsmuster;1;368-1 Fertigungsmuster Rahmen
;364;Fertigunsbeispiele;X;FB-X-001;Modulor- Kiste;2;364-1/2 Modulor- Kiste
;25;Glas;Glas Rohstoffe;GL-X-001;Borosilikatglas;;25-1 Laborflasche mit Drehverschluss
;25;Glas;Glas Rohstoffe;GL-X-001;Borosilikatglas;2;25-1 Becherglas
;26;Glas;Glas Rohstoffe;GL-GW-006;Dichroitisches Glas;;26-2 Musterkasten
;26;Glas;Glas Werkstoffe;GL-GW-006;Dichroitisches Glas;2;26-1 Musterkasten
;27;Glas;Glas Werkstoffe;GL-GW-002;Glasmosaiksteine;20;27- 1/19 Musterkarten
;27;Glas;Glas Werkstoffe;GL-GW-002;Glasmosaiksteine;;27- 20 Musterbuch
;28;Glas;Glas Werkstoffe;xx;Dekorglas;5;28-1 weiss
;28;Glas;Glas Werkstoffe;xx;Dekorglas;;28-2 Dekorglas Grobstrukturiert SR 178 hell
;28;Glas;Glas Werkstoffe;xx;Dekorglas;;28-3 Dekorglas Strukturiert Chinchilla hell
;28;Glas;Glas Werkstoffe;xx;Dekorglas;;28-4 Dekorglas feinstrukturiert Float SR 200
;28;Glas;Glas Werkstoffe;xx;Dekorglas;;28-5 Dekorglas Kariert Mastercarre hell
;49;Glas;Glas Werkstoffe;xx;Flachglas;1;49-1 Chemisch geätzt Fili Mate
;29;Glas;Glas Werkstoffe;GL-GW-003;Weissglas;14;29- 1 Hinterlackiertes Weissglas (silber)
;29;Glas;Glas Werkstoffe;GL-GW-003;Weissglas;;29- 2 Hinterlackiertes Weissglas (silber)
;29;Glas;Glas Werkstoffe;GL-GW-003;Weissglas;;29- 3 Normal
;29;Glas;Glas Werkstoffe;GL-GW-003;Weissglas;;29- 4 Hinterlackiertes Weissglas (weiss)
;29;Glas;Glas Werkstoffe;GL-GW-003;Weissglas;;29- 5 Hinterlackiertes Weissglas (weiss&matt)
;29;Glas;Glas Werkstoffe;GL-GW-003;Weissglas;;29- 6 innen graviert
;29;Glas;Glas Werkstoffe;GL-GW-004;Weissglas;;29- 7/13 mit speziellem Lackierverfahren
;29;Glas;Glas Werkstoffe;GL-GW-003;Weissglas;; 
;30;Glas;Glas Werkstoffe;GL-GW-005;Monolithisches Floatglas;1;30- 1 weiss
;31;Glas;Glas Werkstoffe;GL-GW-005;Floatglas;6;31- 1 blau lackiert
;31;Glas;Glas Werkstoffe;GL-GW-005;Floatglas;;31- 2 orange lackiert mit Kork
;31;Glas;Glas Werkstoffe;xx;Floatglas;;31-3 blaus durchfärbte Floatglas
;31;Glas;Glas Werkstoffe;xx;Floatglas;;31-4 graus durchfärbtes Floatglas
;31;Glas;Glas Werkstoffe;xx;Floatglas;;31-5 bronze durchfärbtes Floatglas
;31;Glas;Glas Werkstoffe;xx;Floatglas;;31-6 transparent 8mm Stärke
;32;Glas;Glas Werkstoffe;GL-GW-005;ESG;1;32-1 blau
;33;Glas;Glas Werkstoffe;GL-GW-006;Glaskeramik;1;33-1 chinesisch
;34;Glas;Glas Werkstoffe;GL-GW-006;Blähglasgranulat;1;34-1 Quadrat
;35;Glas;Glas Werkstoffe;GL-GW-007;Flaschen;8;35- 1 klein grün
;35;Glas;Glas Werkstoffe;GL-GW-007;Flaschen;;35- 2 lackiert gold 
;35;Glas;Glas Werkstoffe;GL-GW-007;Flaschen;;35- 3 groß durchsichtigg
;35;Glas;Glas Werkstoffe;GL-GW-007;Flaschen;;35 -4 grün bauchig
;35;Glas;Glas Werkstoffe;GL-GW-008;Flaschen;;35- 5 braun mittel
;35;Glas;Glas Werkstoffe;GL-GW-008;Flaschen;;35- 6 dunkelgrün mittel
;35;Glas;Glas Werkstoffe;GL-GW-008;Flaschen;;35- 7 grün mit Prägung
;223;Glas;X;GL-X-009;Glasfaser;1;223-1 Glasfaser weiß
;389;Glas;X;GL-X-009;Glasfasergewebe;2;389-1 Mustermappe 'Brillux CreaGlas Gewebe'
;389;Glas;X;GL-X-009;Glasfasergewebe;;389-2 Mustermappe 'Sto'
;37;Holz;Holzwerkstoff;HO-HW-001;Akusitkplatten;;37- 2 Oberfläche mit Holzoptik
;37;Holz;Holzwerkstoff;HO-HW-029;Akusitkplatten;;37- 3 Oberfläche mit Metalloptik
;37;Holz;Holzwerkstoff;HO-HW-001;Akusitkplatten;;37- 4 Akustiknutpaneele
;37;Holz;Holzwerkstoff;HO-HW-001;Akusitkplatten;;37- 5/7 mit besondere Beschichtung
;37;Holz;Holzwerkstoff;HO-HW-029;Akusitkplatten;;37- 8 mit Jutegewebe
;37;Holz;Holzwerkstoff;HO-HW-029;Akusitkplatten;;37- 9 stoffeingebunden
;38;Holz;Holzwerkstoff;HO-HW-002;Langspanplatte OSB ;1;38-1 natur
;39;Holz;Holzwerkstoff;HO-HW-002;Kunststoffbelegte Spanplatte;1;39-1 weiss
;40;Holz;Holzwerkstoff;HO-HW-002;Schichtholz;5;40-1 Buche schwer entflammbar
;40;Holz;Holzwerkstoff;HO-HW-002;Schichtholz;;40-2 Fassadenplatte Lärche
;40;Holz;Holzwerkstoff;HO-HW-002;Schichtholz;;40-3 Speerholz Ahorn
;40;Holz;Holzwerkstoff;HO-HW-002;Schichtholz;;40-4 Buche verleimt
;40;Holz;Holzwerkstoff;HO-HW-002;Schichtholz;;40-5 bearbeitet mit Aluminiumplatte
;41;Holz;Holzwerkstoff;HO-HW-002;Brettschichtholz;2;41-1
;41;Holz;Holzwerkstoff;HO-HW-002;Brettschichtholz;;41-2
;42;Holz;Holzwerkstoff;HO-HW-003;Dekorativbeschichtete Holzfaserplatte;30;42-1/18 verschiedene Farbmuster
;42;Holz;Holzwerkstoff;HO-HW-003;Dekorativbeschichtete Holzfaserplatte;;42-19 Beton-Optik
;42;Holz;Holzwerkstoff;HO-HW-003;Dekorativbeschichtete Holzfaserplatte;;42-20 Rost- Optik
;42;Holz;Holzwerkstoff;HO-HW-003;Dekorativbeschichtete Holzfaserplatte;;42-21 Beton- Optik
;42;Holz;Holzwerkstoff;HO-HW-003;Dekorativbeschichtete Holzfaserplatte;;42-22 glatt schwarz
;42;Holz;Holzwerkstoff;HO-HW-003;Dekorativbeschichtete Holzfaserplatte;;42-23 Beton- Optik grau glatt dünn
;42;Holz;Holzwerkstoff;HO-HW-003;Dekorativbeschichtete Holzfaserplatte;;42-24 Hochglanz weiss
;42;Holz;Holzwerkstoff;HO-HW-003;Dekorativbeschichtete Holzfaserplatte;;42-25 Altholz- Optik grau
;42;Holz;Holzwerkstoff;HO-HW-003;Dekorativbeschichtete Holzfaserplatte;;42-26 Beton- Optik schwarz
;42;Holz;Holzwerkstoff;HO-HW-003;Dekorativbeschichtete Holzfaserplatte;;42-27 Altholz- Optik rustikal
;42;Holz;Holzwerkstoff;HO-HW-003;Dekorativbeschichtete Holzfaserplatte;;42-28 Beton- Optik grau
;42;Holz;Holzwerkstoff;HO-HW-003;Dekorativbeschichtete Holzfaserplatte;;42-29 Stein- Optik
;42;Holz;Holzwerkstoff;HO-HW-003;Dekorativbeschichtete Holzfaserplatte;;42-30 Musterkarte Beton- & Rost-Optik
;42;Holz;Holzwerkstoff;HO-HW-003;Dekorativbeschichtete Holzfaserplatte;;43-31 Design Wandverkleidung Grau
;43;Holz;Holzwerkstoff;HO-HW-004;leichte Spanplatte;2;43-1 normal
;43;Holz;Holzwerkstoff;HO-HW-004;leichte Spanplatte;;43- 2 schwer entflammbar
;44;Holz;Holzwerkstoff;HO-HW-004;Leichtbauplatte;1;44-1 weiss
;45;Holz;Holzwerkstoff;HO-HW-007;Holzspäne;1;45-1 Kasten mit Spänen
;46;Holz;Holzwerkstoff;HO-HW-021;Laminat;55;46-1 Holzapfel
;46;Holz;Holzwerkstoff;HO-HW-021;Laminat;;46-2 Silberfichte 
;46;Holz;Holzwerkstoff;HO-HW-021;Laminat;;46-3 Nussbaum Balance
;46;Holz;Holzwerkstoff;HO-HW-021;Laminat;;46-4 Nussbaum Classic
;46;Holz;Holzwerkstoff;HO-HW-021;Laminat;;46-5 Nussbaum Schiffsboden
;46;Holz;Holzwerkstoff;HO-HW-022;Laminat;;46-6 Eiche rauchgrau
;46;Holz;Holzwerkstoff;HO-HW-022;Laminat;;46-7 Eiche wavegray
;46;Holz;Holzwerkstoff;HO-HW-022;Laminat;;46-8 Burgeiche
;46;Holz;Holzwerkstoff;HO-HW-022;Laminat;;46-9 Eiche lehmgrau
;46;Holz;Holzwerkstoff;HO-HW-022;Laminat;;46-10 Eiche heritage mittel
;46;Holz;Holzwerkstoff;HO-HW-022;Laminat;;46-11 Eiche Belgarmo
;46;Holz;Holzwerkstoff;HO-HW-022;Laminat;;46-12 Eiche Pepper Chili Schiffsboden
;46;Holz;Holzwerkstoff;HO-HW-022;Laminat;;46-13 Eiche gebürstet Schiffsboden
;46;Holz;Holzwerkstoff;HO-HW-022;Laminat;;46-14 Eiche Planke 
;46;Holz;Holzwerkstoff;HO-HW-022;Laminat;;46-15 Eiche heritage braun
;46;Holz;Holzwerkstoff;HO-HW-023;Laminat;;46-16 Eiche geölt hell
;46;Holz;Holzwerkstoff;HO-HW-023;Laminat;;46-17 Eiche Soft-Nelke
;46;Holz;Holzwerkstoff;HO-HW-023;Laminat;;46-18 Eiche antikgrau
;46;Holz;Holzwerkstoff;HO-HW-023;Laminat;;46-19 Eiche Schiefer
;46;Holz;Holzwerkstoff;HO-HW-023;Laminat;;46-20 Eiche Creme
;46;Holz;Holzwerkstoff;HO-HW-023;Laminat;;46-21 Eiche hell
;46;Holz;Holzwerkstoff;HO-HW-023;Laminat;;46-22 Risseiche Natur
;46;Holz;Holzwerkstoff;HO-HW-023;Laminat;;46-23 Eiche cremeweiß
;46;Holz;Holzwerkstoff;HO-HW-023;Laminat;;46-24 Eiche rustikal
;46;Holz;Holzwerkstoff;HO-HW-023;Laminat;;46-25 Eiche nougat
;46;Holz;Holzwerkstoff;HO-HW-024;Laminat;;46-26 Eiche Muskat
;46;Holz;Holzwerkstoff;HO-HW-024;Laminat;;46-27 Eiche Struktur
;46;Holz;Holzwerkstoff;HO-HW-024;Laminat;;46-28 Eiche rustikal Gebürstet
;46;Holz;Holzwerkstoff;HO-HW-024;Laminat;;46-29 Schneeeiche
;46;Holz;Holzwerkstoff;HO-HW-024;Laminat;;46-30 Japanische Weißeiche
;46;Holz;Holzwerkstoff;HO-HW-025;Laminat;;46-31 Buche Schiffsboden
;46;Holz;Holzwerkstoff;HO-HW-025;Laminat;;46-32 Landhausbuche
;46;Holz;Holzwerkstoff;HO-HW-026;Laminat;;46-33 Ahorn antik
;46;Holz;Holzwerkstoff;HO-HW-026;Laminat;;46-34 Ahorn Schiffsboden
;46;Holz;Holzwerkstoff;HO-HW-026;Laminat;;46-35 Ahorn
;46;Holz;Holzwerkstoff;HO-HW-026;Laminat;;46-36 Ahorn weiß Landhausdiele
;46;Holz;Holzwerkstoff;HO-HW-026;Laminat;;46-37 Bergahorn
;46;Holz;Holzwerkstoff;HO-HW-026;Laminat;;46-54 Eiche Landhausdiele weiß Unterseite Kork 
;46;Holz;Holzwerkstoff;HO-HW-026;Laminat;;46-55 Rusitikalstruktur 4-seitige V-Fuge 
;46;Holz;Holzwerkstoff;HO-HW-027;Laminat;;46-38 Meringue
;46;Holz;Holzwerkstoff;HO-HW-027;Laminat;;46-39 Teak dark
;46;Holz;Holzwerkstoff;HO-HW-027;Laminat;;46-40 Painted grau
;46;Holz;Holzwerkstoff;HO-HW-027;Laminat;;46-41 Schiefer anthrazit
;46;Holz;Holzwerkstoff;HO-HW-027;Laminat;;46-42 Mokka
;46;Holz;Holzwerkstoff;HO-HW-027;Laminat;;46-43 Midnight Rainbow
;46;Holz;Holzwerkstoff;HO-HW-027;Laminat;;46-44 Seegras
;46;Holz;Holzwerkstoff;HO-HW-028;Laminat;;46-45 Kakao
;46;Holz;Holzwerkstoff;HO-HW-028;Laminat;;46-46 Kirsche
;46;Holz;Holzwerkstoff;HO-HW-028;Laminat;;46-47 Stein hell
;46;Holz;Holzwerkstoff;HO-HW-028;Laminat;;46-48 Seidenholz
;46;Holz;Holzwerkstoff;HO-HW-028;Laminat;;46-49 Leinen weiß matt
;46;Holz;Holzwerkstoff;HO-HW-028;Laminat;;46-50 Leinen weiß hochglanz
;46;Holz;Holzwerkstoff;HO-HW-028;Laminat;;46-51 Rubinrot matt
;46;Holz;Holzwerkstoff;HO-HW-028;Laminat;;46-52 Rubinrot hochglanz
;46;Holz;Holzwerkstoff;HO-HW-028;Laminat;;46-53Prsident Nightshade (mit Kork)
;47;Holz;Holzwerkstoff;HO-HW-005;Melaminbeschichtete Holzspanplatte;5;47- 1 weiss
;47;Holz;Holzwerkstoff;HO-HW-005;Melaminbeschichtete Holzspanplatte;;47- 2 Holz-Optik
;47;Holz;Holzwerkstoff;HO-HW-005;Melaminbeschichtete Holzspanplatte;;47- 3 Holz- Optik
;47;Holz;Holzwerkstoff;HO-HW-005;Melaminbeschichtete Holzspanplatte;;47- 4 grau
;47;Holz;Holzwerkstoff;HO-HW-005;Melaminbeschichtete Holzspanplatte;;47-5 grün
;48;Holz;Holzwerkstoff;HO-HW-001;Akustikpaneel;1;48- 1 weiss lackiert
;50;Holz;Holzwerkstoff;HO-HW-006;Parkett/ Verbundplatte mit Nut und Kamm;14;50- 1 Kirschbaum
;50;Holz;Holzwerkstoff;HO-HW-006;Parkett/ Verbundplatte mit Nut und Kamm;;50- 2 Stäbchen/Stift- Parkett
;50;Holz;Holzwerkstoff;HO-HW-006;Parkett/ Verbundplatte mit Nut und Kamm;;50- 3 Nussbaum
;50;Holz;Holzwerkstoff;HO-HW-006;Parkett/ Verbundplatte mit Nut und Kamm;;50- 4 Pearl
;50;Holz;Holzwerkstoff;HO-HW-006;Parkett/ Verbundplatte mit Nut und Kamm;;50- 5 Eiche
;50;Holz;Holzwerkstoff;HO-HW-006;Parkett/ Verbundplatte mit Nut und Kamm;;50- 6 Eiche Struktur
;50;Holz;Holzwerkstoff;HO-HW-006;Parkett/ Verbundplatte mit Nut und Kamm;;50- 7 Brine gedämpft
;50;Holz;Holzwerkstoff;HO-HW-006;Parkett/ Verbundplatte mit Nut und Kamm;;50- 8 Eiche Latte Macchiato
;50;Holz;Holzwerkstoff;HO-HW-006;Parkett/ Verbundplatte mit Nut und Kamm;;50- 9 Eiche
;50;Holz;Holzwerkstoff;HO-HW-006;Parkett/ Verbundplatte mit Nut und Kamm;;50- 10 Muiracatiara
;50;Holz;Holzwerkstoff;HO-HW-006;Parkett/ Verbundplatte mit Nut und Kamm;;50- 11 Muiracatiara
;50;Holz;Holzwerkstoff;HO-HW-006;Parkett/ Verbundplatte mit Nut und Kamm;;50- 12 Musterbuch
;50;Holz;Holzwerkstoff;HO-HW-006;Parkett/ Verbundplatte mit Nut und Kamm;;50- 13 Eiche lebhaft
;50;Holz;Holzwerkstoff;HO-HW-006;Parkett/ Verbundplatte mit Nut und Kamm;;50- 14 Eiche uv-geölt
;53;Holz;Holzwerkstoff;HO-HW-007;Aluminiumbeschichtete Holzplatte;1;53-1 braun
;55;Holz;Holzwerkstoff;HO-HW-007;Holzfaser- Dämmplatte;1;55-1 natur
;56;Holz;Laubhölzer;HO-LB-008;Teak;3;56- 1 Teak Quadrat
;56;Holz;Laubhölzer;HO-LB-008;Teak;;56- 2 Teak Quadrat
;56;Holz;Laubhölzer;HO-LB-008;Teak;;56- 3 länglich
;57;Holz;Laubhölzer;HO-LB-008;Cumaru;1;57-1 Quadrat
;58;Holz;Laubhölzer;HO-LB-008;Buche;3;58-1 massiv geölt
;58;Holz;Laubhölzer;HO-LB-008;Buche;;58-2 unbearbeitet
;58;Holz;Laubhölzer;HO-LB-008;Buche;;58-3 lang
;59;Holz;Laubhölzer;HO-LB-008;Tatajuba;1;59-1 Quadrat
;60;Holz;Laubhölzer;HO-LB-009;Ahorn;6;60-1 Dekor Ahorn
;60;Holz;Laubhölzer;HO-LB-009;Ahorn;;60-2 lang geölt
;60;Holz;Laubhölzer;HO-LB-009;Ahorn;;60-3/5 lang
;60;Holz;Laubhölzer;HO-LB-009;Ahorn;;60-6 Funier Kern- Ahorn
;61;Holz;Laubhölzer;HO-LB-009;Birnbaum;1;61-1 lang
;62;Holz;Laubhölzer;HO-NH-017;Eibe;3;62-1/2 lang
;63;Holz;Laubhölzer;HO-LB-010;Kastanie;5;63-1/3 lang
;63;Holz;Laubhölzer;HO-LB-010;Kastanie;;63-4 unbearbeitet
;63;Holz;Laubhölzer;HO-LB-010;Kastanie;;63-5 Funier Räucherkastanie
;64;Holz;Laubhölzer;HO-LB-010;Flieder;1;64-1 unbearbeitet
;65;Holz;Laubhölzer;HO-LB-010;Nussbaum;2;65-1 dunkel
;65;Holz;Laubhölzer;HO-LB-010;Nussbaum;;65-2 Dekor gekalkt
;66;Holz;Laubhölzer;HO-LB-011;Olivenbaum;2;66-1 unbearbeitet
;66;Holz;Laubhölzer;HO-LB-011;Olivenbaum;;66-2 Funier
;67;Holz;Laubhölzer;HO-LB-011;Buchsbaum;1;67-1 unbearbeitet
;68;Holz;Laubhölzer;HO-LB-011;Ebenholz;2;68-1 kleines schwarzes Stück
;68;Holz;Laubhölzer;HO-LB-011;Ebenholz;;68-2 Weisses Ebenholz Funier
;69;Holz;Laubhölzer;HO-LB-011;Sipo- Mahagonie;1;69-1 unbearbeitet
;70;Holz;Laubhölzer;HO-LB-012;Platane;2;70-1 unbearbeitet
;70;Holz;Laubhölzer;HO-LB-012;Platane;;70-2 Funier geräuchert
;71;Holz;Laubhölzer;HO-LB-012;Eiche;12;70-1 Eiche geölt
;71;Holz;Laubhölzer;HO-LB-012;Eiche;;70-2 unbearbeitet
;71;Holz;Laubhölzer;HO-LB-012;Eiche;;70-3 Eiche
;71;Holz;Laubhölzer;HO-LB-012;Eiche;;70-4 Dekor grau mit Echtholzstruktur
;71;Holz;Laubhölzer;HO-LB-012;Eiche;;70-5 Funier
;71;Holz;Laubhölzer;HO-LB-012;Eiche;;70-6 Funier
;71;Holz;Laubhölzer;HO-LB-012;Eiche;;70-7/11 Räuchereiche Funier
;71;Holz;Laubhölzer;HO-LB-013;Eiche;;71-12 Design Wandpanele Karo gefärbt
;72;Holz;Laubhölzer;HO-LB-013;Pink Ivory;1;72-1 unbearbeitet
;73;Holz;Laubhölzer;HO-LB-013;Wengé;1;73-1 unbearbeitet
;74;Holz;Laubhölzer;HO-LB-013;Ziricote;1;74-4 unbearbeitet
;75;Holz;Laubhölzer;HO-LB-013;Robinie;2;75-1 unbearbeitet
;75;Holz;Laubhölzer;HO-LB-013;Robinie;;75-2 lang
;76;Holz;Laubhölzer;HO-LB-013;Kirschbaum;2;76-1 unbearbeitet
;76;Holz;Laubhölzer;HO-LB-013;Kirschbaum;;76-2 Funier geräuchert
;77;Holz;Laubhölzer;HO-LB-014;Esche;1;77-1 lang
;78;Holz;Laubhölzer;HO-LB-014;Französischer Nussbaum;2;78-1/2 lang
;79;Holz;Laubhölzer;HO-LB-014;Birke;1;79-1 lang
;80;Holz;Laubhölzer;HO-LB-014;Erle;1;80-1 lang
;81;Holz;Laubhölzer;HO-LB-014;Amerikanische Kirsche;1;81-1 lang
;82;Holz;Laubhölzer;HO-LB-015;Amerikanischer Nussbaum;2;82-1/2 lang
;83;Holz;Laubhölzer;HO-LB-015;Pflaume;1;83-1 lang
;84;Holz;Laubhölzer;HO-LB-015;Hanibuche;2;84-1/2 lang
;85;Holz;Laubhölzer;HO-LB-015;Pfaffenhütchen;1;85-1 unbearbeitet
;86;Holz;Laubhölzer;HO-LB-015;Schnurbaum;1;86-1 unbearbeitet
;87;Holz;Laubhölzer;HO-LB-015;Pan Rosa;1;87-1 unbearbeitet
;88;Holz;Laubhölzer;HO-LB-015;Buffalo Oak;1;88-1 Funier geräuchert
;89;Holz;Laubhölzer;HO-LB-015;Roteiche;1;89-1 Funier geräuchert
;91;Holz;Laubhölzer;HO-LB-016;Akazie;1;91-1 Funier geräuchert
;93;Holz;Laubhölzer;HO-LB-016;Elsbeere;1;93-1 Funier
;94;Holz;Laubhölzer;HO-LB-016;Sapeli;1;94-1 Funier geräuchert
;95;Holz;Laubhölzer;HO-LB-016;Makassar;1;95-1 Funier
;96;Holz;Laubhölzer;HO-LB-016;Apfelbaum;1;96-1 Funier
;97;Holz;Laubhölzer;HO-LB-016;Tulpenbaum;1;97-1 Funier
;98;Holz;Laubhölzer;HO-LB-016;Magnolie;1;98-1 Funier
;99;Holz;Laubhölzer;HO-LB-016;Tineo;2;99-1 Funier
;99;Holz;Laubhölzer;HO-LB-016;Tineo;;99-2 Funier geräuchert
;62;Holz;Nadelhölzer;HO-NH-017;Eibe;;62-3 unbearbeitet
;92;Holz;Nadelhölzer;HO-NH-017;Douglaise;1;92-1 Funier geräuchert
;100;Holz;Nadelhölzer;HO-NH-018;Fichte;3;100-1 massiv creme
;100;Holz;Nadelhölzer;HO-NH-018;Fichte;;100-2 massiv gewachst
;100;Holz;Nadelhölzer;HO-NH-018;Fichte;;100-3 massiv weiss
;100;Holz;Nadelhölzer;HO-NH-018;Fichte;;100-4 lang
;101;Holz;Nadelhölzer;HO-NH-019;Lärche;4;101-1/3 lang
;101;Holz;Nadelhölzer;HO-NH-019;Lärche;;101-4 Funier geräuchert
;102;Holz;Nadelhölzer;HO-NH-019;Oregon Pine;2;102-1/2 lang
;103;Holz;Nadelhölzer;HO-NH-019;Yellow Pine;1;103-1 unbearbeitet
;104;Holz;Nadelhölzer;HO-NH-020;Kiefer;4;104-1/2 lang
;104;Holz;Nadelhölzer;HO-NH-020;Kiefer;;104-3 Dekor
;104;Holz;Nadelhölzer;HO-NH-020;Kiefer;;104-4 unbearbeitet
;105;Holz;Nadelhölzer;HO-NH-020;Zeder;3;105-1/3 lang
;37;Holz ;Holzwerkstoff;HO-HW-001;Akusitkplatten;9;37- 1 Kunststoffbeschichtet Oberfläche (weiss)
;106;Keramik;Tongemenge;KE-TM-001;Porzellankeramik;29;106-1/3 Laminam Fokus
;106;Keramik;Tongemenge;KE-TM-001;Porzellankeramik;;106-4/7 Laminam Oxide
;106;Keramik;Tongemenge;KE-TM-002;Porzellankeramik;;106-8/9 Laminam I Naturali
;106;Keramik;Tongemenge;KE-TM-002;Porzellankeramik;;106-10/14 Laminam Collection
;106;Keramik;Tongemenge;KE-TM-002;Porzellankeramik;;106-15 Laminam Tredi
;106;Keramik;Tongemenge;KE-TM-002;Porzellankeramik;;106-16/18 Laminam Blend
;106;Keramik;Tongemenge;KE-TM-003;Porzellankeramik;;106-19/21 Laminam UNI
;106;Keramik;Tongemenge;KE-TM-003;Porzellankeramik;;106-22 Laminam Progetto Collection
;106;Keramik;Tongemenge;KE-TM-003;Porzellankeramik;;106-23/27 Kalesinterflex
;106;Keramik;Tongemenge;KE-TM-003;Porzellankeramik;;106-28/29 Slim4+
;107;Keramik;Tongemenge;KE-TM-004;Terrat- Baguette;4;107-1 gelb
;107;Keramik;Tongemenge;KE-TM-004;Terrat- Baguette;;107-2 lila
;107;Keramik;Tongemenge;KE-TM-004;Terrat- Baguette;;107-3 creme
;107;Keramik;Tongemenge;KE-TM-004;Terrat- Baguette;;107-4 rot
;111;Keramik;Tongemenge;KE-TM-005;Porzellanfolie;2;111-1/2 Tüte
;112;Keramik;Tongemenge;KE-TM-006;Technische Keramik;1;112-1 Musterkoffer mit Inhaltsverzeichnnis
;113;Keramik;Tongemenge;KE-TM-007;Keramikfliesen;21;113-1/6 groß
;113;Keramik;Tongemenge;KE-TM-008;Keramikfliesen;;113-7/14 mittel
;113;Keramik;Tongemenge;KE-TM-008;Keramikfliesen;;113-15/19 klein
;113;Keramik;Tongemenge;KE-TM-008;Keramikfliesen;;113-20/21 sehr klein
;113;Keramik;Tongemenge;KE-TM-008 (neben);Keramikfliesen;;113-22 Metallfliesen Musterbuch
;178;Kunstoff;Thermoplast;KU-TP-030;GF/PA6;1;178-1 Glasfasern und Polyamid 6
;179;Kunstoff;Thermoplast;KU-TP-030;GMT;1;179-1 PP+Glasfasermatten
;143;Kunstoff;Thermoplast- Verbundwerkstoff;KU-TP-011;Acrylgebundener Mineralwerkstoff;11;143-1/2 Musterkiste von DuPont (Corian)
;143;Kunstoff;Thermoplast- Verbundwerkstoff;KU-TP-011;Acrylgebundener Mineralwerkstoff;;143-3/7 Musterstücke Klöpfer Surfaces
;143;Kunstoff;Thermoplast- Verbundwerkstoff;KU-TP-011;Acrylgebundener Mineralwerkstoff;;143-8 Plexicor
;143;Kunstoff;Thermoplast- Verbundwerkstoff;KU-TP-011;Acrylgebundener Mineralwerkstoff;;143-9/10 Muster Abet Laminati
;143;Kunstoff;Thermoplast- Verbundwerkstoff;KU-TP-011;Acrylgebundener Mineralwerkstoff;;143-11 Resopal Muster
;141;Kunstoff;Thermoplaste;KU-TP-010;Hartschaumstoffplatte aus PVC;3;141-1 Forex color
;141;Kunstoff;Thermoplaste;KU-TP-010;Hartschaumstoffplatte aus PVC;;141-2 Forex print
;141;Kunstoff;Thermoplaste;KU-TP-010;Hartschaumstoffplatte aus PVC;;141-3 Forex classic
;142;Kunstoff;Thermoplaste;KU-TP-010;Leichtschaumstoffplatte aus Polystyrol mit harzgetränkter Oberfläche;1;
;133;Kunstoff;Thermoplastische Elastomere;;TPE-TPS/SEBS;1;133-1 Goorex TPE/SEBS 20° Shore A black 
;134;Kunstoff;Thermoplastische Elastomere;;EPDM Etylen Propylen-Dienmonomere;2;134-1  Moosgummi EPDM
;135;Kunstoff;Thermoplastische Elastomere;;EPDM Etylen Propylen-Dienmonomere;;134-2  Moosgummi EPDM selbstklebend
;136;Kunstoff;Thermoplastische Elastomere;KU-TP-008;Thermoplastisches Polyurethan;7;136-1/6 Desmopan 
;136;Kunstoff;Thermoplastische Elastomere;KU-TP-008;Thermoplastisches Polyurethan;;136-7 Texin
;137;Kunstoff;Thermoplastische Elastomere;;Silikonschaum Polydimethylsiloxan/Vinylmethylsiloxan;2;137-1  Silikonschaum Sil 16W weiß/natur rund
;137;Kunstoff;Thermoplastische Elastomere;;Silikonschaum Polydimethylsiloxan/Vinylmethylsiloxan;;137-2  Silikonschaum Sil 16W weiß/natur selbstklebend
;138;Kunstoff;Thermoplastische Elastomere;;Vinylmethylsiloxan peroxydvernetzt;;138-1 Silicon Extrusions Grade/ Silikon 60° 
;139;Kunstoff;Thermoplastische Elastomere;;Vinylmethylsiloxan peroxydvernetzt;;138-2 Dichtungsplaner
;139;Kunstoff;Thermoplastische Elastomere;;Vinylmethylsiloxan peroxydvernetzt;;138-3 Broschüre Moosgummi und Silikonprofile
;140;Kunstoff;Thermplast- Verbundwerkstoffe;KU-TP-009;Aluminium- Polyethylen- Verbundplatte;7;140-1 Dibond structure
;140;Kunstoff;Thermplast- Verbundwerkstoffe;KU-TP-009;Aluminium- Polyethylen- Verbundplatte;;140-2 Dibond digital
;140;Kunstoff;Thermplast- Verbundwerkstoffe;KU-TP-009;Aluminium- Polyethylen- Verbundplatte;;140-3 Dibond butlerfinish+
;140;Kunstoff;Thermplast- Verbundwerkstoffe;KU-TP-009;Aluminium- Polyethylen- Verbundplatte;;140-4/5 Dibond Musterfächer
;140;Kunstoff;Thermplast- Verbundwerkstoffe;KU-TP-009;Aluminium- Polyethylen- Verbundplatte;;140-6/7 Alucobond
;90;Kunstoff;X;KU-X-Broschüreordner;Dekobeschichtung für Oberflächen;1;90- Thermopal Mustermappe
;225;Kunstoff ;Thermoplast;KU-TP-030;Aramidfasern;1;225-1 Aramidfasern gelb
;399;Kunstoff ;Thermoplasten;KU-TP-030;Faserverbundwerkstoffe;2;399-1 Glasfasern und Polypropylen
;399;Kunstoff ;Thermoplasten;KU-TP-030;Faserverbundwerkstoffe;;399-2 Carbonfasern und Polypropylensulfid
;114;Kunststoff;Duroplast;KU-DU-001;Polyurethan- Schaumkern mit Deckschichten- Verbund;6;114-1 Ka-pa premium
;114;Kunststoff;Duroplast;KU-DU-001;Polyurethan- Schaumkern mit Deckschichten- Verbund;;114-2 Ka-pa mount
;114;Kunststoff;Duroplast;KU-DU-001;Polyurethan- Schaumkern mit Deckschichten- Verbund;;114-3 Ka-pa bright
;114;Kunststoff;Duroplast;KU-DU-001;Polyurethan- Schaumkern mit Deckschichten- Verbund;;114-4 Ka-pa tex
;114;Kunststoff;Duroplast;KU-DU-001;Polyurethan- Schaumkern mit Deckschichten- Verbund;;114-5 Ka-pa fix
;114;Kunststoff;Duroplast;KU-DU-001;Polyurethan- Schaumkern mit Deckschichten- Verbund;;114-6 Ka-pa plast
;115;Kunststoff;Duroplast;KU-DU-002;Polyurethan- Integralhartschaumstoff;7;115-1 Bayflex integral
;115;Kunststoff;Duroplast;KU-DU-002;Polyurethan- Integralhartschaumstoff;;115-2 Baydur 40
;115;Kunststoff;Duroplast;KU-DU-002;Polyurethan- Integralhartschaumstoff;;115-3 Baydur 60
;115;Kunststoff;Duroplast;KU-DU-002;Polyurethan- Integralhartschaumstoff;;115-4 Baydur 110
;115;Kunststoff;Duroplast;KU-DU-002;Polyurethan- Integralhartschaumstoff;;115-5 Baydur STR LFI
;115;Kunststoff;Duroplast;KU-DU-002;Polyurethan- Integralhartschaumstoff;;155-6 Bayflex (elastischer Intergalhartschaumstoff)
;115;Kunststoff;Duroplast;KU-DU-002;Polyurethan- Integralhartschaumstoff;;155-7 Bayflex LS (elastischer Intergalhartschaumstoff)
;116;Kunststoff;Duroplast;KU-DU-003;Schaumstoff aus PUR;8;116-1 Bayfit+ Baytec IMC
;116;Kunststoff;Duroplast;KU-DU-003;Schaumstoff aus PUR;;116-2 Bayfit Memory
;116;Kunststoff;Duroplast;KU-DU-003;Schaumstoff aus PUR;;116-3 Bayfit Memory rosa
;116;Kunststoff;Duroplast;KU-DU-003;Schaumstoff aus PUR;;116-4 Bayfit
;116;Kunststoff;Duroplast;KU-DU-003;Schaumstoff aus PUR;;116-5 HyperNova
;116;Kunststoff;Duroplast;KU-DU-003;Schaumstoff aus PUR;;116-6 rot
;116;Kunststoff;Duroplast;KU-DU-003;Schaumstoff aus PUR;;116-7 schwarz
;116;Kunststoff;Duroplast;KU-DU-003;Schaumstoff aus PUR;;116-8 weiss
;125;Kunststoff;Duroplast;KU-DU-004;Polyesterharz;1;125-1 9 Stäbchen
;127;Kunststoff;Duroplast;KU-DU-004;Phenolharz;1;127-1 10 Stäbchen
;128;Kunststoff;Duroplast;KU-DU-004;Polyurethan;5;128-1 Soft-touch coating Maus
;128;Kunststoff;Duroplast;KU-DU-004;Polyurethan;;128-2 Soft-touch coating Platte
;128;Kunststoff;Duroplast;KU-DU-004;Polyurethan;;128-3 PUR mit Naturfaser (Baypreg F sandwich)
;128;Kunststoff;Duroplast;KU-DU-004;Polyurethan;;128-4 Multitec RT PUR- Sprühsystem (mehr komponentig schnell aushärtend)
;128;Kunststoff;Duroplast;KU-DU-004;Polyurethan;;128-5 Multitec RS PUR- Sprühsystem (mehr komponentig schnell aushärtend)
;130;Kunststoff;Duroplastischer Verbundwerkstoff;KU-DU-005;Kunstleder aus PUR;;130-1 textile coating weiss
;130;Kunststoff;Duroplastischer Verbundwerkstoff;KU-DU-005;Kunstleder aus PUR;;130-2 textile coating schwarz
;130;Kunststoff;Duroplastischer Verbundwerkstoff;KU-DU-005;Kunstleder aus PUR;;130-3 braun
;130;Kunststoff;Duroplastischer Verbundwerkstoff;KU-DU-005;Kunstleder aus PUR;;130-4 organge
;131;Kunststoff;Duroplastischer Verbundwerkstoff;?;PUR mit Naturfasern;1;131-1 Baypreg F sandwich
;132;Kunststoff;Duroplastischer Verbundwerkstoff;KU-DU-006;HPL auf Phenolformaldehydhatz- Basis/ Hartpapier;78;132-1/27 Farbmuster Abet Laminati
;132;Kunststoff;Duroplastischer Verbundwerkstoff;KU-DU-006;HPL auf Phenolformaldehydhatz- Basis/ Hartpapier;;132-28 Musterfächer Abet Laminati
;132;Kunststoff;Duroplastischer Verbundwerkstoff;KU-DU-006;HPL auf Phenolformaldehydhatz- Basis/ Hartpapier;;132-29/34 Musterfächer Resopal
;132;Kunststoff;Duroplastischer Verbundwerkstoff;KU-DU-006;HPL auf Phenolformaldehydhatz- Basis/ Hartpapier;;132-35/55 Farbmuster Resopal
;132;Kunststoff;Duroplastischer Verbundwerkstoff;KU-DU-006;HPL auf Phenolformaldehydhatz- Basis/ Hartpapier;;132-56/62 Farbmuster Duropal
;132;Kunststoff;Duroplastischer Verbundwerkstoff;KU-DU-006;HPL auf Phenolformaldehydhatz- Basis/ Hartpapier;;132-63/66 imi- Werkstoffe
;132;Kunststoff;Duroplastischer Verbundwerkstoff;KU-DU-007;HPL auf Phenolformaldehydhatz- Basis/ Hartpapier;;132-67/69 Farbmuster Egger
;132;Kunststoff;Duroplastischer Verbundwerkstoff;KU-DU-007;HPL auf Phenolformaldehydhatz- Basis/ Hartpapier;;132-70 Egger Musterfächer
;132;Kunststoff;Duroplastischer Verbundwerkstoff;KU-DU-007;HPL auf Phenolformaldehydhatz- Basis/ Hartpapier;;132-71/73 Farbmuster homopal
;132;Kunststoff;Duroplastischer Verbundwerkstoff;KU-DU-007;HPL auf Phenolformaldehydhatz- Basis/ Hartpapier;;132-74 Musterfächer homopal
;132;Kunststoff;Duroplastischer Verbundwerkstoff;KU-DU-007;HPL auf Phenolformaldehydhatz- Basis/ Hartpapier;;132-75/76 Farbmuster Weber
;132;Kunststoff;Duroplastischer Verbundwerkstoff;KU-DU-007;HPL auf Phenolformaldehydhatz- Basis/ Hartpapier;;132-77 Muster Fundermax
;132;Kunststoff;Duroplastischer Verbundwerkstoff;KU-DU-007;HPL auf Phenolformaldehydhatz- Basis/ Hartpapier;;132-78 Musterfächer
;132;Kunststoff;Duroplastischer Verbundwerkstoff;KU-DU-007;HPL auf Phenolformaldehydhatz- Basis/ Hartpapier;;132-79 Musterfächer Holz Metall Magnet
;132;Kunststoff;Duroplastischer Verbundwerkstoff;KU-DU-007;HPL auf Phenolformaldehydhatz- Basis/ Hartpapier;;132-80 Musterfächer Kunststoff
;176;Kunststoff;Thermoplast;KU-TP-023;PMMA (Plexiglas);11;176-1 10 Stäbchen
;176;Kunststoff;Thermoplast;KU-TP-023;PMMA (Plexiglas);;176-2/3 mit Struktur
;176;Kunststoff;Thermoplast;KU-TP-023;PMMA (Plexiglas);;176-4 satinierte Oberfläche grün
;176;Kunststoff;Thermoplast;KU-TP-023;PMMA (Plexiglas);;176-5 Platte satiniert
;176;Kunststoff;Thermoplast;KU-TP-023;PMMA (Plexiglas);;176-6 Platte satiniert klar 5mm
;176;Kunststoff;Thermoplast;KU-TP-023;PMMA (Plexiglas);;176-7 Platte satiniert glass-look 4mm
;176;Kunststoff;Thermoplast;KU-TP-023;PMMA (Plexiglas);;176-8 farblos
;176;Kunststoff;Thermoplast;KU-TP-023;PMMA (Plexiglas);;176-9 satinierte Oberfläche blau
;176;Kunststoff;Thermoplast;KU-TP-023;PMMA (Plexiglas);;176-10 volldurchfärbt blau
;176;Kunststoff;Thermoplast;KU-TP-024;PMMA (Plexiglas);12;176-11 mit UV-Schutz
;176;Kunststoff;Thermoplast;KU-TP-024;PMMA (Plexiglas);;176-12 Wellplatte
;176;Kunststoff;Thermoplast;KU-TP-024;PMMA (Plexiglas);;176-13 Rohr satiniert
;176;Kunststoff;Thermoplast;KU-TP-024;PMMA (Plexiglas);;176-14 Rohr klar
;176;Kunststoff;Thermoplast;KU-TP-024;PMMA (Plexiglas);;176-15 Rohr rot
;176;Kunststoff;Thermoplast;KU-TP-024;PMMA (Plexiglas);;176-16 mit natürlicher Mittelschicht
;176;Kunststoff;Thermoplast;KU-TP-024;PMMA (Plexiglas);;176-17 Platte grau
;176;Kunststoff;Thermoplast;KU-TP-024;PMMA (Plexiglas);;176-18 Plexiglas Radiant/ verspieglet und mit Effekt (mehrfarbig)
;176;Kunststoff;Thermoplast;KU-TP-024;PMMA (Plexiglas);;176-19 Stegplatte aus PMMA
;176;Kunststoff;Thermoplast;KU-TP-024;PMMA (Plexiglas);;176-20 Designverkleidung Waterdrops
;176;Kunststoff;Thermoplast;KU-TP-024;PMMA (Plexiglas);;176-21 Designverkleidung Kupfergitter
;176;Kunststoff;Thermoplast;KU-TP-024;PMMA (Plexiglas);;176-22 Designverkleidung Tuch Grau
;176;Kunststoff;Thermoplast;KU-TP-024;PMMA (Plexiglas);;176-23 Designverkleidung Blattgold
;177;Kunststoff;Thermoplast;KU-TP-030;GFIPMMA;1;177-1 Glasfasern und Polymethylmethacrylat
;181;Kunststoff;Thermoplast;KU-TP-30;CF/PEEK;1;181-1 Carbonfaser/ Polyetheretherketon
;183;Kunststoff;Thermoplast;KU-TP-030;CF/PPS;1;183-1 Carbonfasern und Polypphenylensulfid
;145;Kunststoff;Thermoplast- Verbundwerkstoff;KU-TP-012;Aluminium- Polypropylen- Verbundplatte;10;145-1/10 Hylite
;174;Kunststoff;Thermoplast- Verbundwerkstoffe;KU-TP-022;Kunstleder aus PVC;6;174-1/4 Mustermappe
;174;Kunststoff;Thermoplast- Verbundwerkstoffe;KU-TP-022;Kunstleder aus PVC;;174-5/6 Musterstücke
;146;Kunststoff;Thermoplaste;KU-TP-012;Leichtschaumstoffplatte aus Polystryol mit Massivpolystyrol- Oberfläche;1;146-1 Smart-X
;147;Kunststoff;Thermoplaste;KU-TP-013;Polypropylen;6;147-1/4 Kunstrasen- Stücke
;147;Kunststoff;Thermoplaste;KU-TP-013;Polypropylen;;147-5 Musterfächer zweifarbig
;147;Kunststoff;Thermoplaste;KU-TP-013;Polypropylen;;147-6 Polypropylen-Vlies Muster
;148;Kunststoff;Thermoplaste;KU-TP-014;Polyamid 6PA;10;148-1 10 Stäbchen
;148;Kunststoff;Thermoplaste;KU-TP-014;Polyamid 6PA;;148-2/6 Linnotam Glide FG (bunt)
;148;Kunststoff;Thermoplaste;KU-TP-014;Polyamid 6PA;;148-7 Nylonschlauch
;149;Kunststoff;Thermoplaste;KU-TP-015;Polystryrol PS;10;149-1 10 Stäbchen
;150;Kunststoff;Thermoplaste;KU-TP-015;Polyvinylchlorid;10;150-1 10 Stäbchen
;151;Kunststoff;Thermoplaste;KU-TP-015;Polyethylen;11;151-1 10 Stäbchen
;151;Kunststoff;Thermoplaste;KU-TP-015;Polyethylen;;151-2 Vliesstoff aus Polethylen
;152;Kunststoff;Thermoplaste;KU-TP-015;Amorphes Polyethylenterephthalat PET-A;6;152-1/6 Lumex A
;153;Kunststoff;Thermoplaste;KU-TP-016;Polyethylenterephthalat Glycol PET-G;9;153-1/9 Lumex G
;153;Kunststoff;Thermoplaste;KU-TP-016;Polyethylenterephthalat Glycol PET-G;;153-10 PET black
;154;Kunststoff;Thermoplaste;KU-TP-017;Polycarbonat;12;154-1/5 Makrofol (Folie)
;154;Kunststoff;Thermoplaste;KU-TP-017;Polycarbonat;;154-6/8 Makrolon UV
;154;Kunststoff;Thermoplaste;KU-TP-017;Polycarbonat;;154-9 Makrolon AR
;154;Kunststoff;Thermoplaste;KU-TP-017;Polycarbonat;;154-10/11 Makrolon GP
;154;Kunststoff;Thermoplaste;KU-TP-017;Polycarbonat;;154-12 Fantasia
;155;Kunststoff;Thermoplaste;KU-TP-017;Stegplatte aus Polycarbonat;;155-1 Makrolon multi
;155;Kunststoff;Thermoplaste;KU-TP-017;Stegplatte aus Polycarbonat;;155-2 Makrolon multi UV
;155;Kunststoff;Thermoplaste;KU-TP-017;Stegplatte aus Polycarbonat;;155-3 Makrolon multi IQ-relax
;156;Kunststoff;Thermoplaste;KU-TP-031;Styrol-Acrylonitril-Copolymer;1;156-1 Spritzmuster Luran (1 Beutel)
;157;Kunststoff;Thermoplaste;KU-TP-031;Polybutylenterephthalat;1;157- 1 Spritzmuster Ultradur B (1 Beutel)
;158;Kunststoff;Thermoplaste;KU-TP-031;Styrol-Butadien-Copolymer-Harz;1;158 -1 Spritzmuster Styrolux (1 Beutel)
;159;Kunststoff;Thermoplaste;KU-TP-031;Polyamid 66;1;159- 1 Spritzmuster Ultramid (1 Beutel)
;160;Kunststoff;Thermoplaste;KU-TP-031;Acrylnitril-Butadien- Styrol;1;160-1 Spritzmuster Terluran (1 Beutel)
;163;Kunststoff;Thermoplaste;KU-TP-018;Heterogener PVC- Bodenbelag;10;163-1/8 Musterstücke
;163;Kunststoff;Thermoplaste;KU-TP-018;Heterogener PVC- Bodenbelag;;163-9/10 Musterstücke sehr lang
;163;Kunststoff;Thermoplaste;KU-TP-018;Heterogener PVC- Bodenbelag;;163-11 Vinyl Eiche Sierra Landhausdiele
;163;Kunststoff;Thermoplaste;XX;Heterogener PVC- Bodenbelag;;163-11 Landhausdiele Eiche gebürstete Sturktur Holzoptik
;164;Kunststoff;Thermoplaste;KU-TP-019;Homogener PVC-Bodenbelag;15;164-1/14 Musterstücke
;164;Kunststoff;Thermoplaste;KU-TP-019;Homogener PVC-Bodenbelag;;164-15 Musterbuch
;166;Kunststoff;Thermoplaste;KU-TP-020;Polyvinylchlorid ohne  Weichmacher PVC-U;1;166-1 Renoilt Exofol PX
;170;Kunststoff;Thermoplaste;KU-TP-021;Wabenkernplatten;15;170-1 PC- Deckschichten und Aluminium- Sechseck- Wabenkern
;170;Kunststoff;Thermoplaste;KU-TP-021;Wabenkernplatten;;170-2/9 PC- Deckschichten und PC- Wabenkern
;170;Kunststoff;Thermoplaste;KU-TP-021;Wabenkernplatten;;170-10/12 Acrylglas- Deckschichten (PMMA) und PC- Wabenkern
;170;Kunststoff;Thermoplaste;KU-TP-021;Wabenkernplatten;;170-13/14 PET-G- Deckschichten und PET- Kern
;170;Kunststoff;Thermoplaste;KU-TP-021;Wabenkernplatten;;170-15 PMMA- Deckschichten und PET- Kern
;171;Kunststoff;Thermoplaste;KU-TP-021;Parapan;1;
;363;Kunststoff;Thermoplaste;KU-TP-027;Wasserlösliche Folie aus Polyvinylalkohol;5;363-1 Modifizierte kaltwasserlösliche Folie Stärke 40 µm (GA #40 160 mm)
;363;Kunststoff;Thermoplaste;KU-TP-027;Wasserlösliche Folie aus Polyvinylalkohol;;363-2 Konventionelle kaltwasserlösliche Folie Stärke 30 µm (KA #30 230 mm)
;363;Kunststoff;Thermoplaste;KU-TP-027;Wasserlösliche Folie aus Polyvinylalkohol;;363-3 Modifizierte kaltwasserlösliche Folie Stärke: 40 µm (PT #40 230 mm)
;363;Kunststoff;Thermoplaste;KU-TP-027;Wasserlösliche Folie aus Polyvinylalkohol;;363-4 Konventionelle kaltwasserlösliche Folie Stärke: 40 µm (KA #40 160 mm)
;363;Kunststoff;Thermoplaste;KU-TP-027;Wasserlösliche Folie aus Polyvinylalkohol;;363-5 Info- Mappe
;180;Kunststoff;X;KU-TP-025;Lionleum;46;180-1/44 Musterstücke
;180;Kunststoff;X;KU-TP-025;Lionleum;;180-45 Musterbuch
;180;Kunststoff;X;KU-TP-025;Lionleum;;180-46 Produktkatalog
;180;Kunststoff;X;KU-TP-025;Lionleum;;180-47/48 Musterstück 'Desktop'
;182;Kunststoff;X;KU-TP-026;Korklinoleum;4;182-1/4 Musterstücke
;184;Metall;Eisenmetall;ME-EM-001;Edelstahl;4;184-1 Wölbstruktur 0.5 mm
;184;Metall;Eisenmetall;ME-EM-001;Edelstahl;;184-2 Wölbstruktur 0.4 mm
;184;Metall;Eisenmetall;ME-EM-001;Edelstahl;;184-3 glaskugelgestrahlt
;184;Metall;Eisenmetall;ME-EM-001;Edelstahl;;184-4 gebürstet
;186;Metall;Nichteisenmetall;ME-NM-002;Aluminium;7;186-1 Wölbstruktur beschichtet 0.5mm
;186;Metall;Nichteisenmetall;ME-NM-002;Aluminium;;186-2 Wölbstruktur 1.15mm
;186;Metall;Nichteisenmetall;ME-NM-002;Aluminium;;186-3 länglich
;186;Metall;Nichteisenmetall;ME-NM-002;Aluminium;;186-4/7 Alutrim Musterstücke
;188;Mineralische Werkstoffe;Gestein;MW-GE-001;Phyllit;3;188-1 Natural Split
;188;Mineralische Werkstoffe;Gestein;MW-GE-001;Phyllit;;188-2 Honed
;188;Mineralische Werkstoffe;Gestein;MW-GE-001;Phyllit;;188-3 Musterschachtel
;189;Mineralische Werkstoffe;Gestein;MW-GE-001;Pandang;1;
;190;Mineralische Werkstoffe;Gestein;MW-GE-001;Sandstein;2;
;191;Mineralische Werkstoffe;Kalkwerkstoffe;MW-KW-002;Sumpfkalkputz;1;191-1 Musterplatte
;192;Mineralische Werkstoffe;Kalkwerkstoffe;MW-KW-002;Kalk- Universal- Spachtel;1;192-1 Musterplatte
;193;Mineralische Werkstoffe;Kalkwerkstoffe;MW-KW-002;Kalkstein;2;193-1/2
;194;Mineralische Werkstoffe;Kalkwerkstoffe;MW-KW-002;Kalksand (feuergestrocknet);11;194-1 Beutel
;195;Mineralische Werkstoffe;Lehmwerkstoffe;MW-KW-003;Lehmbauplatte;;195-1 ohne Wandheizung
;195;Mineralische Werkstoffe;Lehmwerkstoffe;MW-KW-003;Lehmbauplatte;;195-2 Lehmbauplatte
;195;Mineralische Werkstoffe;Lehmwerkstoffe;MW-KW-003;Lehmbauplatte;;195-3 Lehm- Trockenputzplatte
;195;Mineralische Werkstoffe;Lehmwerkstoffe;MW-KW-003;Lehmbauplatte;;195-4 Lehmbauplatte (25mm)
;195;Mineralische Werkstoffe;Lehmwerkstoffe;MW-KW-003;Lehmbauplatte;;195-5/6 Klimawand
;195;Mineralische Werkstoffe;Lehmwerkstoffe;MW-KW-004;Lehmbauplatte;;195-7/10 Lehmbauplatte
;195;Mineralische Werkstoffe;Lehmwerkstoffe;MW-KW-004;Lehmbauplatte;;195-11 Lehmputz auf Holzfaserplatte
;196;Mineralische Werkstoffe;Lehmwerkstoffe;MW-KW-004;Lehm- Ziegelrabitz;1;
;197;Mineralische Werkstoffe;Lehmwerkstoffe;MW-LW-005;Lehmputz;2;197-1 Lehm- Oberputz
;197;Mineralische Werkstoffe;Lehmwerkstoffe;MW-LW-005;Lehmputz;;197-2 Lehm- Unterputz
;198;Mineralische Werkstoffe;Lehmwerkstoffe;MW-LW-006;Lehm- Mörtel;1;198-1 Lehm- Armierungsmörtel
;199;Mineralische Werkstoffe;Lehmwerkstoffe;MW-LW-006;Lehmspachtel;2;199-1 Lehmspachtel
;199;Mineralische Werkstoffe;Lehmwerkstoffe;MW-LW-007;Lehmspachtel;;199-2 Muster für Lehmspachtel
;200;Mineralische Werkstoffe;Lehmwerkstoffe;MW-LW-007;Lehmfarbe;11;200-1 Beutel rot
;200;Mineralische Werkstoffe;Lehmwerkstoffe;MW-LW-008;Lehmfarbe;;200-2 Lehmfarbe mit Strukturzusätze (Fläschchen)
;200;Mineralische Werkstoffe;Lehmwerkstoffe;MW-LW-008;Lehmfarbe;;200-3/10 Lehmfarbe mit Strukturzusätze (Mustertafeln)
;200;Mineralische Werkstoffe;Lehmwerkstoffe;MW-LW-009;Lehmfarbe;;200-11/18 Farb- Mustertafeln
;397;Mineralische Werkstoffe;Schiefer;MW-X-012;Schieferplatte;;397-1 Schieferplatte Grube Magog Rechteck
;398;Mineralische Werkstoffe;Schiefer;MW-X-012;Schieferplatte;;398-1 Schieferfliese Spaltgrau/geschliffen
;375;Mineralische Werkstoffe;Sonstige;;Fertigungsmuster;3;375-1/3 Schichtmuster 
;201;Mineralische Werkstoffe;X;MW-LW-009;Sandsteinmattem;5;201-1/5 Musterstücke
;203;Mineralische Werkstoffe;X;MW-ZW-010;Fugenmörtel;9;203-1/9
;204;Mineralische Werkstoffe;X;MW-X-011;Aufgeblähtes Vulkanstein- Granulat;3;204-1 Thermo- Fill
;204;Mineralische Werkstoffe;X;MW-X-011;Aufgeblähtes Vulkanstein- Granulat;;204-2 Isolier- Trockenschüttung
;204;Mineralische Werkstoffe;X;MW-X-011;Aufgeblähtes Vulkanstein- Granulat;;204-3 Bio- Isolier- Trockenschüttung
;205;Mineralische Werkstoffe;X;MW-X-011;Calciumsilikat- Platte;1;
;210;Mineralische Werkstoffe;X;MW-X-012;Kohlenstofffasern;2;210-1/2 Kohlenstofffasergewebe
;211;Mineralische Werkstoffe;X;MW-X-012;Carbonfaser;1;211-1 Carbonfaser
;224;Mineralische Werkstoffe;X;MW-X-012;Carbonfaser/Kohlenstofffaser;1;224-1 Carbonfaser mit Nickelmantel
;202;Mineralische Werkstoffe;Zementöse Werkstoffe;MW-ZW-010;Kunststein Mamor;7;202-1 Nero
;202;Mineralische Werkstoffe;Zementöse Werkstoffe;MW-ZW-010;Kunststein Mamor;;202-2 Bianco
;202;Mineralische Werkstoffe;Zementöse Werkstoffe;MW-ZW-010;Kunststein Mamor;;202-3/4 Cristall
;202;Mineralische Werkstoffe;Zementöse Werkstoffe;MW-ZW-010;Kunststein Mamor;;202-5 Gobi Grey
;202;Mineralische Werkstoffe;Zementöse Werkstoffe;MW-ZW-010;Kunststein Mamor;;202-6 Musterkoffer
;202;Mineralische Werkstoffe;Zementöse Werkstoffe;MW-ZW-010;Kunststein Mamor;;202-7 Musterkasten
;206;Papier;Maschinengefertigtes Papier;PA-MP-001;Papierwabenkernplatte mit PUR- Beschichtung und Naturfasern;1;206-1 Baypreg F natural fibre
;207;Papier;Maschinengefertigtes Papier;PA-MP-001;Wölbstrukturiertes Papier;3;207-1 orange
;207;Papier;Maschinengefertigtes Papier;PA-MP-001;Wölbstrukturiertes Papier;;207-2 rot
;207;Papier;Maschinengefertigtes Papier;PA-MP-001;Wölbstrukturiertes Papier;;207-3 weiss
;208;Papier;Maschinengefertigtes Papier;PA-MP-002;Museumskarton;18;208-1/18 vers. Dicken und Farben
;209;Papier;Maschinengefertigtes Papier;PA-MP-002;Zelluloserfaser- Dämmstoff;4;209-1/2 Thermofloc Beutel
;209;Papier;Maschinengefertigtes Papier;PA-MP-002;Zelluloserfaser- Dämmstoff;;209-3 Dämmplatte
;209;Papier;Maschinengefertigtes Papier;PA-MP-002;Zelluloserfaser- Dämmstoff;;209-4 Dämmpellets
;229;Papier;X;PA-X-007;Papier beschichtet;1;229-1 Papier Wabenstruktur
;230;Papier;X;PA-X-008;Tapeten;2;230-1 Das 1x1 der Tapete
;230;Papier;X;PA-X-009;Tapeten;;230-2 Materialsammlung Tapeten Bordüren
;374;Papier;X;PA-X-003;Papier- Schaum- Chips;1;374-1 Kiste
;376;Papier;X;PA-X-003;Musterbücher Papier Union;2;376-1/2 Sammlung Musterbücher
;377;Papier;X;PA-X-003;Synthetikpapier;2;377-1 Mustermappe
;377;Papier;X;PA-X-003;Synthetikpapier;;377-2 Musterpapier 3 Stück
;378;Papier;X;PA-X-004;Siebdruck & Werbetechnik;1;378-1 Mustermappe
;379;Papier;X;PA-X-004;Feinstpapier;5;379-1 Mustermappe 'Mein Papier'
;379;Papier;X;PA-X-004;Feinstpapier;;379-2 Mustermappe 'Produkte & Farben'
;379;Papier;X;PA-X-004;Feinstpapier;;379-3 Mustermappe
;379;Papier;X;PA-X-004(neben);Feinstpapier;;379-4/5 Mustermappe 'Lessebo Smooth Bright'
;380;Papier;X;PA-X-004(neben);Druckmusterbuch;1;380-1 Druckmusterbuch
;381;Papier;X;PA-X-004(neben);Musterbuch;1;381-1 Musterbuch 'Paperbook'
;382;Papier;X;PA-X-004(neben);Rauhfaser- Tapete;1;382-1 Musterbuch 'Rauhfaser Strukturen'
;383;Papier;X;PA-X-004(neben);Offset- Papier;4;383-1 Mustermappe
;383;Papier;X;PA-X-004(neben);Offset- Papier;;383-2 Musterpapiere
;383;Papier;X;PA-X-005;Offset- Papier;;383-3 recycling Papier 'Circle offset Premium White' Musterstücke
;383;Papier;X;PA-X-005;Offset- Papier;;383-4 recycling Papier 'Cricle offset White' Musterstücke
;384;Papier;X;PA-X-005;Papiermuster 'James Cropper';18;384-1/18 Musterstücke vers. Farben und Dichten
;385;Papier;X;PA-X-005;Drucktechniken;;385-1 Mustermappe 'heaven 42'
;386;Papier;X;PA-X-006;Recycling Papier;4;386-1 Mustermappe Bilderdruck matt White
;386;Papier;X;PA-X-006;Recycling Papier;;386-2 Mustermappe Bilderdruck matt Premium White
;386;Papier;X;PA-X-006;Recycling Papier;;386-3 Mustermappe Bilderdruck glänzend Premium White
;386;Papier;X;PA-X-006;Recycling Papier;;386-4 Mustermappe Naturpapier Premium White
;387;Papier;X;PA-X-006;Chromosulfatkarton;2;387-1 Musterstücke 'Invercote G' einseitig gestrichen holzfrei extra zäh
;387;Papier;X;PA-X-006;Chromosulfatkarton;;387-2 Musterstücke 'Invercote Creato' beidseitig matt gestrichen holzfrei
;388;Papier;X;PA-X-006;Druckpapier;3;388-1/3 Musterpakete
;392;Papier;X;PA-X-007;Spezial Papier;10;392-1 Musterstreifen
;392;Papier;X;PA-X-007;Spezial Papier;;392-2 Schablonenkarton 240g/m^2
;392;Papier;X;PA-X-007;Spezial Papier;;392-3 Schablonenkarton 275g/m^2
;392;Papier;X;PA-X-007;Spezial Papier;;392-4 Schablonenkarton 250g/m^2
;392;Papier;X;PA-X-007;Spezial Papier;;392-5 Schablonenkarton 180g/m^2
;392;Papier;X;PA-X-007;Spezial Papier;;392-6 Schnittmusterpapier 50g/m^2
;392;Papier;X;PA-X-007;Spezial Papier;;392-7 Heißsiegelpapier 60g/m^2 mit Markierungen
;392;Papier;X;PA-X-007;Spezial Papier;;392-8 Heißsiegelpapier n60g/m^2 
;392;Papier;X;PA-X-007;Spezial Papier;;392-9 Papier Service Broschüre
;392;Papier;X;PA-X-007;Spezial Papier;;392-10 Papierkatalog
;212;Pflanzliche Werkstoffe;X;PW-X-001;Kork;5;212-1 Kork natur
;212;Pflanzliche Werkstoffe;X;PW-X-001;Kork;;212-2 Korkschüttung expandiert
;212;Pflanzliche Werkstoffe;X;PW-X-001;Kork;;212-3 Naturkorkschrot
;212;Pflanzliche Werkstoffe;X;PW-X-001;Kork;;212-4 Isolier- Kork
;212;Pflanzliche Werkstoffe;X;PW-X-001;Kork;;212-5 Wärmedämmplatte
;213;Pflanzliche Werkstoffe;X;PW-X-002;Kokos;10;213-1/7 Humusziegel aus Kokosfasern (Nur 1-3)
;213;Pflanzliche Werkstoffe;X;PW-X-003;Kokos;;213-8 Kokosfasern
;213;Pflanzliche Werkstoffe;X;PW-X-003;Kokos;;213-9 Kokosfaserwand
;213;Pflanzliche Werkstoffe;X;PW-X-003;Kokos;;213-10 Kokosfaser verarbeitet
;214;Pflanzliche Werkstoffe;X;PW-X-004;Tagua;3;214-1 Nuss poliert
;214;Pflanzliche Werkstoffe;X;PW-X-004;Tagua;;214-2 Frucht
;214;Pflanzliche Werkstoffe;X;PW-X-004;Tagua;;214-3 Nuss roh Beutel
;215;Pflanzliche Werkstoffe;X;PW-X-005;Bernstein;2;215-1 Bernstein roh
;215;Pflanzliche Werkstoffe;X;PW-X-005;Bernstein;;215-2 Bernstein behandelt
;216;Pflanzliche Werkstoffe;X;PW-X-006;Sisalfasern;10;216-1 naturbelassen
;216;Pflanzliche Werkstoffe;X;PW-X-006;Sisalfasern;;216-2/10 Farbmuster
;217;Pflanzliche Werkstoffe;X;PW-X-007;Bambus;6;217-1/6 Bambuslamellen- Rollenware
;218;Pflanzliche Werkstoffe;X;PW-X-006;Kapokfasern;1;218-1 Kapokfasern Beutel
;219;Pflanzliche Werkstoffe;X;PW-X-010;Reishülsen- Polymer- Werkstoff;3;219-1/3 Terassendielen
;220;Pflanzliche Werkstoffe;X;PW-X-008;Hanf;12;220-1 Hanf- Lehm- Mischung
;220;Pflanzliche Werkstoffe;X;PW-X-008;Hanf;;220-2 Hanf- Dämmwolle
;220;Pflanzliche Werkstoffe;X;PW-X-009;Hanf;;220-3 Hanf- Trittschal
;220;Pflanzliche Werkstoffe;X;PW-X-009;Hanf;;220-4 Hanf- Jute- Dämmwolle
;220;Pflanzliche Werkstoffe;X;PW-X-008;Hanf;;220-5 Hanf- Kalfaterband
;220;Pflanzliche Werkstoffe;X;PW-X-008;Hanf;;220-6 Hanffaser 
;220;Pflanzliche Werkstoffe;X;PW-X-009;Hanf;;220-7 Hanffaser- Schüttung
;220;Pflanzliche Werkstoffe;X;PW-X-009;Hanf;;220-8 Hanf- Dämmwolle
;220;Pflanzliche Werkstoffe;X;PW-X-009;Hanf;;220-9 Hanf- Dämmwolle
;220;Pflanzliche Werkstoffe;X;PW-X-013;Hanf;;220- 10/11 Thermo- Hanf Premium
;220;Pflanzliche Werkstoffe;X;PW-X-013;Hanf;;220- 12 Thermo- Hanf- Jute- Combi
;221;Pflanzliche Werkstoffe;X;PW-X-012;Jute;2;221-1 Thermo- Jute Duo
;221;Pflanzliche Werkstoffe;X;PW-X-012;Jute;;221-2 Thermo- Jute 100
;226;Pflanzliche Werkstoffe;X;PW-X-015;Naturvlies;1;226-1 Naturfasern verarbeitetes Halbzeug
;227;Pflanzliche Werkstoffe;X;PW-X-011;Arenga;1;227-1 Arengafasern
;228;Pflanzliche Werkstoffe;X;PW-X-011;Fibre;1;228-1 Fibrefasern
;222;Pflanzliche Werkstoffe ;X;PW-X-011;Flachs;1;222-1 Flachsfasern
;234;Textile Werkstoffe;Faserverbundstoffe;TW-FV-002;Nadelvlies;4;234-1/3 Musterstücke
;234;Textile Werkstoffe;Faserverbundstoffe;TW-FV-002;Nadelvlies;;234-4 Mustermappe
;236;Textile Werkstoffe;Faserverbundstoffe;TW-FV-003;Mikrofaserwirbelvlies;6;236-1
;236;Textile Werkstoffe;Faserverbundstoffe;TW-FV-003;Mikrofaserwirbelvlies;;236-2/4 Musterstücke (88% Polyester 12% PUR)
;236;Textile Werkstoffe;Faserverbundstoffe;TW-FV-003;Mikrofaserwirbelvlies;;236-5 Mustermappe
;236;Textile Werkstoffe;Faserverbundstoffe;TW-FV-003;Mikrofaserwirbelvlies;;236-6 Musterstück (85% Polyester 15% PUR)
;237;Textile Werkstoffe;Faserverbundstoffe;TW-FV-004;Polyethylen- Gewebe (Xorel: 85% biobashed PE 15% PE);31;237-1/31 Musterstücke
;241;Textile Werkstoffe;Faserverbundstoffe;TW-FV-005;Filz ;5;241-1/5 Musterkarten
;254;Textile Werkstoffe;Faserverbundstoffe;TW-GW-006;Walkfilz;3;254-1/3 Mustermappe
;242;Textile Werkstoffe;Gewebe;TW-GW-006;Flor- Gewebe;1;242-1 Musterstück (100% Mohair)
;249;Textile Werkstoffe;Gewebe;TW-GW-006 (neben);Papierschnurgewebe;1;249-1 Mustermappe
;255;Textile Werkstoffe;Gewebe;TW-GW-006;Samt;2;255-1 Musterstück braun
;255;Textile Werkstoffe;Gewebe;TW-GW-006;Samt;;255-2 Musterfächer (80% Baumwolle 10% Modal 10% Polyester)
;257;Textile Werkstoffe;Gewebe;TW-GW-007;Denim;1;257-1 Hanf- Denim Mustermappe
;258;Textile Werkstoffe;Gewebe;TW-GW-007;Batist;1;258-1 Musterstück (100% Baumwolle)
;259;Textile Werkstoffe;Gewebe;TW-GW-007;Satin;1;259-1 Musterstück (100% Baumwolle)
;260;Textile Werkstoffe;Gewebe;TW-GW-007;Flanell;2;260-1 Musterstück Elefantenmuster (100% Baumwolle)
;260;Textile Werkstoffe;Gewebe;TW-GW-007;Flanell;;260-2 Musterstück Füchsemuster (100% Baumwolle)
;261;Textile Werkstoffe;Gewebe;TW-GW-007;Feincord;1;261-1 Musterstück (100% Baumwolle)
;262;Textile Werkstoffe;Gewebe;TW-GW-007;Vlies;1;262-1 Musterstück (100% Baumwolle)
;263;Textile Werkstoffe;Gewebe;TW-GW-007;Popeline;1;263-1 Musterstück (100% Baumwolle)
;264;Textile Werkstoffe;Gewebe;TW-GW-007;Baumwoll-Stoff;2;264-1 Musterstück Sand
;264;Textile Werkstoffe;Gewebe;TW-GW-007;Baumwoll-Stoff;;264-5 Musterstück Kalkstein
;265;Textile Werkstoffe;Gewebe;TW-GW-007;Perkal;1;265-1 Musterstück (100% Baumwolle)
;266;Textile Werkstoffe;Gewebe;TW-GW-007;Molton;2;266-1 Musterstück Molton extra dick (100% Baumwolle)
;266;Textile Werkstoffe;Gewebe;TW-GW-007;Molton;;266-2 Musterstück Doppel-Molton mit Nässeschutz (100% Baumwolle)
;268;Textile Werkstoffe;Gewebe;TW-GW-007;Canvas;1;268-1 Musterstück (100% Baumwolle)
;269;Textile Werkstoffe;Gewebe;TW-GW-007;Sweat;4;269-1 Musterstück (100% Baumwolle)
;269;Textile Werkstoffe;Gewebe;TW-GW-007;Sweat;;269-2 Sweatshirt- Stoff
;269;Textile Werkstoffe;Gewebe;TW-GW-007;Sweat;;269-3 Mustermappe Sommersweat
;269;Textile Werkstoffe;Gewebe;TW-GW-007;Sweat;;269-4 Mustermappe Samtsweat
;270;Textile Werkstoffe;Gewebe;TW-GW-007;Mullwindelgewebe;1;270-1 Musterstück (100% Baumwolle)
;271;Textile Werkstoffe;Gewebe;TW-GW-008;Harris- Tweed;1;271-1 Mustermappe (100% schottische Schurwolle)
;272;Textile Werkstoffe;Gewebe;TW-GW-008;Bourette- Seide;1;272-1 Mustermappe Natur
;273;Textile Werkstoffe;Gewebe;TW-GW-008;Woll- Etamin;1;273-1 Mustermappe (100% Baumwolle)
;274;Textile Werkstoffe;Gewebe;TW-GW-008;Schurwollstoffe;2;274-1 Musterstück
;274;Textile Werkstoffe;Gewebe;TW-GW-008;Schurwollstoffe;;274-2 Mustermappe
;275;Textile Werkstoffe;Gewebe;TW-GW-008;Dupionseid;1;275-1 Mustermappe farbig
;276;Textile Werkstoffe;Gewebe;TW-GW-008;Seiden- Chiffon;1;276-1 Mustermappe farbig
;277;Textile Werkstoffe;Gewebe;TW-GW-008;Wildseide;1;277-1 Mustermappe
;278;Textile Werkstoffe;Gewebe;TW-GW-008;Leinengewebe;4;278-1 Mustermappe natur
;278;Textile Werkstoffe;Gewebe;TW-GW-008;Leinengewebe;;278-2  Mustermappe farbig
;278;Textile Werkstoffe;Gewebe;TW-GW-008;Leinengewebe;;278-3 Mustermappe weiss
;278;Textile Werkstoffe;Gewebe;TW-GW-008;Leinengewebe;;278-4 Mustermappe Feinleinen farbig
;279;Textile Werkstoffe;Gewebe;TW-GW-009;Bestickte Leinen- & Baumwollstoffe;1;279-1 Mustermappe
;282;Textile Werkstoffe;Gewebe;TW-GW-009;Ramie;1;282-1 Mustermappe Ramiefaserstoffe
;283;Textile Werkstoffe;Gewebe;TW-GW-009;Hanf;1;283-1 Mustermappe Hanffaserstoffe
;286;Textile Werkstoffe;Gewebe;TW-GW-009;Kalamkari Blumendruck;1;286-1 Mustermappe
;287;Textile Werkstoffe;Gewebe;TW-GW-009;Bezugsstoffe;1;287-1 Mustermappe
;288;Textile Werkstoffe;Gewebe;TW-GW-009;Baumwollgewebe;1;288-1 Mustermappe
;288;Textile Werkstoffe;Gewebe;TW-GW-009;Baumwollgewebe;;288-2 Canvas 360 bedruckt mit Oberflächenbeschichtung
;289;Textile Werkstoffe;Gewebe;TW-GW-009;Cutwork- Stoffe;1;289-1 Musterkarte (100% Baumwolle)
;290;Textile Werkstoffe;Gewebe;TW-GW-009;Crepe- Satin;1;290-1 Mustermappe
;291;Textile Werkstoffe;Gewebe;TW-GW-009;Futterseide;1;291-1 Mustermappe farbig
;292;Textile Werkstoffe;Gewebe;TW-GW-009;Brennnesselstoff;1;292-1 Musterkarte
;294;Textile Werkstoffe;Gewebe;TW-GW-010;Wolle- Seide Boucles;1;294-1 Musterkarte
;323;Textile Werkstoffe;Gewebe;TW-TE-017;Schwarze Seide;1;323-1 Mustermappe
;324;Textile Werkstoffe;Gewebe;TW-TE-017;Seidenmischgewebe;1;324-1 Mustermappe
;325;Textile Werkstoffe;Gewebe;TW-TE-017;Weisse Seide;1;325-1 Mustermappe
;372;Textile Werkstoffe;Gewebe;TW-MW-018;Polyestergewebe;1;372-1 Lighttex SE
;298;Textile Werkstoffe;Gewebe- Funktionsstoffe;TW-GW-010;Aluminiumbedampfte Gewebe;1;298-1 Musttermappe
;298;Textile Werkstoffe;Gewebe- Funktionsstoffe;TW-GW-010;Acrylatbeschichtetes Gewebe;X;298-1 Musttermappe
;298;Textile Werkstoffe;Gewebe- Funktionsstoffe;TW-GW-010;Perlmutt- Acrylatbeschichtetes Gewebe;X;298-1 Musttermappe
;300;Textile Werkstoffe;Gewebe- Funktionsstoffe;TW-GW-011 (darauf);Akustikstoffe;1;300-1 Mustermappe
;301;Textile Werkstoffe;Gewebe- Funktionsstoffe;TW-GW-011;Trevia CS (schwer entflammbar);23;301-1 Mustermappe (vers. Transparentgrade)
;301;Textile Werkstoffe;Gewebe- Funktionsstoffe;TW-GW-011;Trevia CS (schwer entflammbar);;301-2 Mustermappe (Antimikrobielle Stoff)
;301;Textile Werkstoffe;Gewebe- Funktionsstoffe;TW-GW-011;Trevia CS (schwer entflammbar);;301-3/8 Musterstücke
;301;Textile Werkstoffe;Gewebe- Funktionsstoffe;TW-GW-011;Trevia CS (schwer entflammbar);;301-9 Mustermappe Deliflamm
;301;Textile Werkstoffe;Gewebe- Funktionsstoffe;TW-GW-011;Trevia CS (schwer entflammbar);;301-10 Mustermappe Gardinen
;301;Textile Werkstoffe;Gewebe- Funktionsstoffe;TW-GW-011;Trevia CS (schwer entflammbar);;301-11 Mustermappe Step & Step melange
;301;Textile Werkstoffe;Gewebe- Funktionsstoffe;TW-GW-011;Trevia CS (schwer entflammbar);;301-12 Mustermappe Bezugsstoffe JAB
;301;Textile Werkstoffe;Gewebe- Funktionsstoffe;TW-GW-011;Trevia CS (schwer entflammbar);;301-13 Mustermappe Möbelstoffe Tisca
;301;Textile Werkstoffe;Gewebe- Funktionsstoffe;TW-GW-011;Trevia CS (schwer entflammbar);;301-14 Mustermappe Dedra(Vorhang) JAB
;301;Textile Werkstoffe;Gewebe- Funktionsstoffe;TW-GW-012;Trevia CS (schwer entflammbar);;301-15 Mustermappe Bezugsstoffe Tisca
;301;Textile Werkstoffe;Gewebe- Funktionsstoffe;TW-GW-012;Trevia CS (schwer entflammbar);;301-16/20 Mustermappe spez. Druck
;301;Textile Werkstoffe;Gewebe- Funktionsstoffe;TW-GW-013;Trevia CS (schwer entflammbar);;301-21 creation Baumann
;301;Textile Werkstoffe;Gewebe- Funktionsstoffe;TW-GW-013(daneben);Trevia CS (schwer entflammbar);;301-22 Mustermappe drapilux
;301;Textile Werkstoffe;Gewebe- Funktionsstoffe;TW-GW-013;Trevia CS (schwer entflammbar);;301-23 Musterstück Matrix (Möbelstoff)
;304;Textile Werkstoffe;Gewebe- Funktionsstoffe;TW-GW-013;Polsterstoffe;1;304-1 Musterfächer
;305;Textile Werkstoffe;Gewebe- Funktionsstoffe;TW-GW-013;Metallbeschichtete Polymergewebe (Kupfer & Zinn);1;305-1 Musterordner
;318;Textile Werkstoffe;Gewebe- Funktionsstoffe;TW-MW-011;Verdunklungsstoffe;2;318-1 Mustermappe
;318;Textile Werkstoffe;Gewebe- Funktionsstoffe;TW-MW-011;Verdunklungsstoffe;;318-2 Musterstück
;293;Textile Werkstoffe;Maschenware;TW-GW-010;Seidenjersey;3;293-1/3 Musterkarte farbig
;295;Textile Werkstoffe;Maschenware;TW-GW-010;Walkstrickstoffe;4;295-1/4 Mustermappe
;306;Textile Werkstoffe;Maschenware;TW-GW-013;Nicki;1;306-1 Musterstück (100% Baumwolle)
;307;Textile Werkstoffe;Maschenware;TW-GW-013;Plüsch;3;307-1 Teddy- Plüsch
;307;Textile Werkstoffe;Maschenware;TW-GW-013;Plüsch;;307-2 Schurwoll- Plüsch
;307;Textile Werkstoffe;Maschenware;TW-GW-013;Plüsch;;307-3 Musterkarte
;308;Textile Werkstoffe;Maschenware;TW-MW-014;Jerseystoffe;1;308-1 Mustermappe
;309;Textile Werkstoffe;Maschenware;TW-MW-014;Musterfleece;1;309-1 Mustermappe
;310;Textile Werkstoffe;Maschenware;TW-MW-014;Jaquards;2;310-1 Mustermappe
;310;Textile Werkstoffe;Maschenware;TW-MW-014;Jaquards;;310-2 Jaquards & Strukturgewebe (Leinen & Halbleinen)
;311;Textile Werkstoffe;Maschenware;TW-MW-014;Seidenstrickstoffe;1;311-1 Mustermappe
;313;Textile Werkstoffe;Maschenware;TW-MW-014;Singlejersey;1;313-1 Mustermappe (96% Baumwolle 4% Elastan)
;315;Textile Werkstoffe;Maschenware;TW-MW-014;Interlockjersey;1;315-1 Musterkarte (100% Baumwolle)
;316;Textile Werkstoffe;Maschenware;TW-MW-014;Merinojersey;1;316-1 Musterkarte
;317;Textile Werkstoffe;Maschenware;TW-MW-014;Jamavar- Stoff;1;317-1 Musterkarte
;326;Textile Werkstoffe;Maschenware;TW-TE-017;Strickstoffe aus Baumwolle;1;326-1 Mustermappe
;371;Textile Werkstoffe;Maschenware;TW-MW-018;Polyestergewirke;;371-1 Multiflag 
;371;Textile Werkstoffe;Maschenware;TW-MW-018;Polyestergewirke;;371-2 Varioflag A SE
;371;Textile Werkstoffe;Maschenware;TW-MW-018;Polyestergewirke;;371-3 Dekoflag H
;371;Textile Werkstoffe;Maschenware;TW-MW-018;Polyestergewirke;;371-4 Multisol L
;371;Textile Werkstoffe;Maschenware;TW-MW-018;Polyestergewirke;;371-5 Multisol D 240 SE 
;233;Textile Werkstoffe;Teppich;TW-TE-001;Textilboden mit Nylonfasern (Flotex);6;233-1/6 Musterstücke
;319;Textile Werkstoffe;Teppich;TW-TE-015;Schlingen-/Schnittflorteppich;1;319-1 Musterstück
;320;Textile Werkstoffe;Teppich;TW-TE-015;Schlingenflorteppich;3;320-1 Musterstück
;320;Textile Werkstoffe;Teppich;TW-TE-015;Schlingenflorteppich;;320-2 Mustermappe
;320;Textile Werkstoffe;Teppich;TW-TE-015;Schlingenflorteppich;;320-3 Mustermappe
;321;Textile Werkstoffe;Teppich;TW-TE-015;Schnittflorteppich;10;321-1 Musterstück grün
;321;Textile Werkstoffe;Teppich;TW-TE-015;Schnittflorteppich;;321-2 Musterstück braun
;321;Textile Werkstoffe;Teppich;TW-TE-015;Schnittflorteppich;;321-3 Mustermappe
;321;Textile Werkstoffe;Teppich;TW-TE-016;Schnittflorteppich;;321-4/9 Musterstücke
;321;Textile Werkstoffe;Teppich;TW-TE-016(neben);Schnittflorteppich;;321-10 Teppichmustermappe
;373;Textile Werkstoffe;Teppich;TW-TE-019;Sensorboden aus Polyestervlies;4;373-1/3 Musterstück
;373;Textile Werkstoffe;Teppich;TW-TE-019;Sensorboden aus Polyestervlies;;373-4 Infomaterial
;360;Tierische Werkstoffe;Sonstige;TI-X-005;Musterfächer;1;360-1 Musterfächer
;361;Tierische Werkstoffe;Sonstige;TI-X-005;Musterfächer;1;361-1 Musterfächer
;362;Tierische Werkstoffe;Sonstige;TI-X-005;Musterfächer;1;362-1 Musterfächer
;327;Tierische Werkstoffe;X;TI-X-001;Lederfaserstoff;2;327-1/2 Musterstücke
;328;Tierische Werkstoffe;X;TI-X-001;Rindkernleder;2;328-1/2 Musterstücke
;329;Tierische Werkstoffe;X;TI-X-001;Anilin- Leder;4;338-1/4 Musterstücke
;330;Tierische Werkstoffe;X;TI-X-002;Nappa-Leder;8;330-1/2 Musterfächer
;330;Tierische Werkstoffe;X;TI-X-002;Nappa-Leder;;330-3 Musterfächer
;330;Tierische Werkstoffe;X;TI-X-002;Nappa-Leder;;330-4 Musterstück groß
;330;Tierische Werkstoffe;X;TI-X-002;Nappa-Leder;;330-5 Musterfächer
;330;Tierische Werkstoffe;X;TI-X-002;Nappa-Leder;;330-6 Musterkarte
;330;Tierische Werkstoffe;X;TI-X-002;Nappa-Leder;;330-7/8 Mustermappe 
;331;Tierische Werkstoffe;X;TI-X-003;Nubuk (nubukiertes Rindleder);2;331-1 Musterfächer
;331;Tierische Werkstoffe;X;TI-X-003;Nubuk (nubukiertes Rindleder);;331-2 Jumbo Nubuk
;332;Tierische Werkstoffe;X;TI-X-004;Unbehandelte Schafswolle;1;332-1 Tütchen mit Wollkügelchen
;333;Tierische Werkstoffe;X;TI-X-003;Palmalin- Leder;7;333-1/7 Musterstück
;334;Tierische Werkstoffe;X;TI-X-003;Blankleder;1;334-1 Schnur aus Blankleder
;335;Tierische Werkstoffe;X;TI-X-004;Rosshaar;1;335-1 
;336;Tierische Werkstoffe;X;TI-X-004;Schafwolle;2;336-1/2 Dämmplatte aus Schafwolle
;390;Tierische Werkstoffe;X;TI-X-006;Feder;10;390-1 Truthahnfeder
;390;Tierische Werkstoffe;X;TI-X-006;Feder;;390-2 Truthahnfeder Schwanz
;390;Tierische Werkstoffe;X;TI-X-006;Feder;;390-3 Gänsekiel Schreibfeder
;390;Tierische Werkstoffe;X;TI-X-006;Feder;;390-4 Gänsefeder zweifarbig
;390;Tierische Werkstoffe;X;TI-X-006;Feder;;390-5 Fasanenfeder weiblich
;390;Tierische Werkstoffe;X;TI-X-006;Feder;;390-6 Silberfasanfeder
;390;Tierische Werkstoffe;X;TI-X-006;Feder;;390-7 Feldfasan naturgestreift
;390;Tierische Werkstoffe;X;TI-X-006;Feder;;390-8 Gänsefeder zweifarbig
;390;Tierische Werkstoffe;X;TI-X-006;Feder;;390-9 Truthahnfeder naturgestreift
;390;Tierische Werkstoffe;X;TI-X-006;Feder;;390-10 Truthahnfeder naturschwarz
;391;Tierische Werkstoffe;X;TI-X-006;Horn;;391-1 Hornrolle Wasserbüffel
;391;Tierische Werkstoffe;X;TI-X-006;Horn;;391-2 Büffelhorn  Ganze Hornspitze
;391;Tierische Werkstoffe;X;TI-X-006;Horn;;391-3 Hornplatte hell Wasserbüffel
;391;Tierische Werkstoffe;X;TI-X-006;Horn;;391-4 Hornplatte dunkel Wassserbüffel
;337;Wachs;X;WA-X-001;Carnaubawachs;1;337-1 Tüte
;338;Wachs;X;WA-X-001;Candelillwachs;1;338-1 Tüte
;339;Wachs;X;WA-X-001;Sonnenblumensamenwachs;1;339-1 Tüte
;340;Wachs;X;WA-X-001;Beerenwachs;1;340-1 Lippenpflegestift
;343;Wachs;X;WA-X-002;Fischer- Tropsch- Wachs;1;343-1 Deurex T39 (Deurex T39)
;345;Wachs;X;WA-X-002;Zuckerrohrwachs;4;345-1 Natürliche paraffinfrei (Deurex Bit)
;345;Wachs;X;WA-X-001;Zuckerrohrwachs;;345-2 Brocken (Deurex x52)
;345;Wachs;X;WA-X-001;Zuckerrohrwachs;;345-3 Rohwachs aus Zuckerrohr Brocken (Deurex x50)
;345;Wachs;X;WA-X-002;Zuckerrohrwachs;;345-4 Hybridwachs aus Zuckerrohr & Polyethylenwachs (Deurex H83G)
;345;Wachs;X;WA-X-002;Zuckerrohrwachs;;345-5 Rohwachs aus Zuckerrohr Pulver (Deurex 50P)
;347;Wachs;X;WA-X-003;Polyehtylenwachs;7;347-1 Unpolare hart (Deurex E09)
;347;Wachs;X;WA-X-003;Polyehtylenwachs;;347-2 Ölbindemittel aus Polyethylenwachs (Deurex Pure)
;347;Wachs;X;WA-X-003;Polyehtylenwachs;;347-3 Unpolar (Deurex E11F)
;347;Wachs;X;WA-X-003;Polyehtylenwachs;;347-4 Polar oxidiert (Deurex EO40)
;347;Wachs;X;WA-X-003;Polyehtylenwachs;;347-5 unpolar (Deurex E11K)
;347;Wachs;X;WA-X-003;Polyehtylenwachs;;347-6 Coplymeres Polyethylenvinylacetatwachs (Deurex EV03)
;347;Wachs;X;WA-X-003;Polyehtylenwachs;;347-7 Unpolar (Deurex E11G)
;349;Wachs;X;WA-X-002;Polypropylenwachs;1;349-1 (Deurex P36)
;352;Wachs;X;WA-X-004;Polyvinyletherwachs;1;352-1 (Deurex V2)
;355;Wachs;X;WA-X-004;Ethylen-Bis-Stearamid-Wachs (EBS);1;355-1 (Deurex A20)
;357;Wachs;X;WA-X-001;Bienenwachs;1;357-1 Bienenwachs- Pastillen
;;;;;;;
;;;;;;;
;51;;;;;;
;52;;;;;;
;54;;;;;;
;108;;;;;;
;109;;;;;;
;110;;;;;;
;123;;;;;;
;124;;;;;;
;126;;;;;;
;129;;;;;;
;144;;;;;;
;161;;;;;;
;162;;;;;;
;165;;;;;;
;167;;;;;;
;168;;;;;;
;169;;;;;;
;172;;;;;;
;173;;;;;;
;175;;;;;;
;185;;;;;;
;187;;;;;;
;231;;;;;;
;232;;;;;;
;235;;;;;;
;238;;;;;;
;239;;;;;;
;240;;;;;;
;243;;;;;;
;244;;;;;;
;245;;;;;;
;246;;;;;;
;247;;;;;;
;248;;;;;;
;250;;;;;;
;251;;;;;;
 ;252;;;;;;
;253;;;;;;
;256;;;;;;
;267;;;;;;
;280;;;;;;
;281;;;;;;
;284;;;;;;
;285;;;;;;
;296;;;;;;
;297;;;;;;
;299;;;;;;
;302;;;;;;
;303;;;;;;
;312;;;;;;
;314;;;;;;
;322;;;;;;
;341;;;;;;
;342;;;;;;
;344;;;;;;
;346;;;;;;
;348;;;;;;
;350;;;;;;
;351;;;;;;
;353;;;;;;
;354;;;;;;
;356;;;;;;
;;;;;;;
;;;;;;;
;;;;;;;
;;;;;;;
;;;;;;;
;;;;;;;
;;;;;;;
;;;;;;;
;;;;;;;
;;;;;;;
;;;;;;;
;;;;;;;
;;;;;;;
;;;;;;;
;;;;;;;
;;;;;;;
;;;;;;;
;;;;;;;
;;;;;;;
;;;;;;;
;;;;;;;
;;;;;;;
;;;;;;;
;;;;;;;
;;;;;;;
;;;;;;;
;;;;;;;
;;;;;;;
;;;;;;;
;;;;;;;
;;;;;;;
;;;;;;;
;;;;;;;
;;;;;;;
;;;;;;;
;;;;;;;
;;;;;;;
;;;;;;;
;;;;;;;
;;;;;;;
;;;;;;;
;;;;;;;
;;;;;;;
;;;;;;;
;;;;;;;
;;;;;;;
;;;;;;;
;;;;;;;
;;;;;;;
;;;;;;;
;;;;;;;
;;;;;;;
;;;;;;;
;;;;;;;
;;;;;;;
;;;;;;;
;;;;;;;
;;;;;;;
;;;;;;;
;;;;;;;
;;;;;;;
;;;;;;;
;;;;;;;
;;;;;;;
;;;;;;;
;;;;;;;
;;;;;;;
;;;;;;;
;;;;;;;
;;;;;;;
;;;;;;;
;;;;;;;
;;;;;;;
;;;;;;;
;;;;;;;
;;;;;;;
;;;;;;;
;;;;;;;
;;;;;;;
;;;;;;;
;;;;;;;
;;;;;;;
;;;;;;;
;;;;;;;
;;;;;;;
;;;;;;;
;;;;;;;
;;;;;;;
;;;;;;;
;;;;;;;
;;;;;;;
;;;;;;;
;;;;;;;
;;;;;;;
;;;;;;;
;;;;;;;
;;;;;;;
;;;;;;;
;;;;;;;
;;;;;;;
;;;;;;;
;;;;;;;
;;;;;;;
;;;;;;;
;;;;;;;
;;;;;;;
;;;;;;;
;;;;;;;
;;;;;;;
;;;;;;;
;;;;;;;
;;;;;;;
;;;;;;;
;;;;;;;
;;;;;;;
;;;;;;;
;;;;;;;
;;;;;;;
;;;;;;;
;;;;;;;
;;;;;;;
;;;;;;;
;;;;;;;
;;;;;;;
;;;;;;;
;;;;;;;
;;;;;;;
;;;;;;;
;;;;;;;
;;;;;;;
;;;;;;;
;;;;;;;
;;;;;;;
;;;;;;;
;;;;;;;
;;;;;;;
;;;;;;;
;;;;;;;
;;;;;;;
;;;;;;;
;;;;;;;
;;;;;;;
;;;;;;;
;;;;;;;
;;;;;;;
;;;;;;;
;;;;;;;
;;;;;;;
;;;;;;;
;;;;;;;
;;;;;;;
;;;;;;;
;;;;;;;
;;;;;;;
;;;;;;;
;;;;;;;
;;;;;;;
;;;;;;;
;;;;;;;
;;;;;;;
;;;;;;;
;;;;;;;
;;;;;;;
;;;;;;;
;;;;;;;
;;;;;;;
;;;;;;;
;;;;;;;
;;;;;;;
;;;;;;;
;;;;;;;
;;;;;;;
;;;;;;;
;;;;;;;
;;;;;;;
;;;;;;;
;;;;;;;
;;;;;;;
;;;;;;;
;;;;;;;
;;;;;;;
;;;;;;;
;;;;;;;
;;;;;;;
;;;;;;;
;;;;;;;
;;;;;;;
;;;;;;;
;;;;;;;
;;;;;;;
;;;;;;;
;;;;;;;
;;;;;;;
;;;;;;;
;;;;;;;
;;;;;;;
;;;;;;;
